path,bytes,sha256
.gitattributes,150,e7cd84e756ab47116108a501004d2263a090756a6371d3930b42b77c7362e74b
.gitignore,181,e8d0dbb4b68fc7fb2aee7fed575592896971bb434bd4708559610af9ca7f6395
.zenodo.json,4577,bce60a615c794e85a6173cfb2b2c994b497eb39ca17284a069b19884a20aa5e6
analyses/reproduce_summary_analyses.py,6163,4470c3bef3a1fa8cc84f4223f5d43e00e4c6af3f6321ae9c4740bae5612fa3ea
analyses/source/coculture/generate_coculture_umaps.R,7771,5fb68e13f70f4fa656637c71f72eb6ac11bb8e33a3170e59e6ec9d98d0c5a6b1
analyses/source/coculture/generate_joint_neutrophil_fibroblast_umaps.R,5726,7c9fdbea165834683ca93ea3eb4f9452beca9ee74c5630ac88562bdbfe31278b
analyses/source/coculture/generate_preculture_harmony_umaps.R,7344,5769012800f06a4396260d5aebdfbaf090b315b1709cc5e82a5038b3b4b4330d
analyses/source/coculture/scvi_harmony_all_coculture/01_export_scvi_input.R,5385,83bd6c6045ff3ec62ead402cd24e0a13acc9f90b8b1e19b4a0935f1a50599c46
analyses/source/coculture/scvi_harmony_all_coculture/02_train_scvi_harmony.py,7379,8aa1c50099ea7254f986bc0b6ee84f14b33c1b3765a8f056b728576caa955f29
analyses/source/coculture/scvi_harmony_all_coculture/03_finalize_scvi_harmony.R,9717,7c0c58baf422842714ef9d34af3d7f94a32840e50a618bcff5142984d8772af8
analyses/source/coculture/scvi_harmony_all_coculture/04_subcluster_annotate_fibroblasts.R,10052,bdfa9faa030249f15ee814fcd1bdf0b45c24a75ec1906843fa0f09f3068fafff
analyses/source/coculture/scvi_harmony_all_coculture/05_relabel_atlas_fibroblasts.R,6301,766499b2c484967975cbd822e04ddf64d422db367cca46d7f62144205be2e795
analyses/source/coculture/scvi_harmony_all_coculture/05_relabel_h5ad_fibroblasts.py,1055,2f0b9049f8d33a1c14b42ef9710dcc48bf0c9f49443a6189304e64f697e3f20d
analyses/source/coculture/scvi_harmony_all_coculture/06_fibroblast_condition_and_target_analysis.R,15088,41b5a6ed9711258669f27c9467f9c623d0d2de3a46d7b13a156a8f119af393d5
analyses/source/coculture/scvi_harmony_all_coculture/07_neutrophil_subcluster_preannotation.R,4542,c86379bf7e0d9496467c57ac9eee5ab980a5b16d2984e1477f9df657cdcf118f
analyses/source/coculture/scvi_harmony_all_coculture/08_annotate_neutrophils_compare_markers.R,20463,ea5823cc447e27e6850671787a5878516b0807b304941263308cf5db0ce0b0cb
analyses/source/coculture/scvi_harmony_all_coculture/09_neutrophil_state_differential_abundance.R,11164,06481026d8540bff7b5dbdef08b930cc383d70d30df3503bbb1d293b9011a331
analyses/source/coculture/scvi_harmony_all_coculture/10_recluster_canonical_neutrophil_states.R,6636,320aef2c9fc980c9322aa751ea03b1e30e0c182f419a478b5e8a08a6cd886af5
analyses/source/coculture/scvi_harmony_all_coculture/11_combine_neutrophil_subcluster_and_canonical_umaps.R,5274,46713f04cfa1b994b87c7d5a37a6dae43131c45fc71447cbe3323f7384749c89
analyses/source/coculture/scvi_harmony_all_coculture/12_milor_neutrophil_state_differential_abundance.R,12981,db9fdcb0b489022fe2313e2c3f7ff16bfee9eebdf3b95af5f7d529f0e15f0152
analyses/source/coculture/scvi_harmony_all_coculture/13_make_figure3_composite.R,8085,996725548d946683492056a6885b28a670e99c6c74003a99b279ed40f2611d44
analyses/source/coculture/scvi_harmony_all_coculture/14_analyses_1_to_3_pseudobulk_composition_programs.R,21549,0d2f6c1576b884c65bfc3e351b131e6543b8c67f8de2e3fc52f8b99586a0dd6a
analyses/source/coculture/scvi_harmony_all_coculture/15_analysis4_metacell_gene_modules.R,14810,8cf9cab927892bb76d9e8e5b52f9d1509376bb3f82c7b055c3434da01017e790
analyses/source/coculture/scvi_harmony_all_coculture/16_analysis5_fibroblast_neutrophil_signaling.R,11713,6dba8f5d547ab13c1214d1af1f3580fd8e41daeecc541eff9e41f679ee38093b
analyses/source/coculture/scvi_harmony_all_coculture/17_analysis6_neutrophil_trajectory.R,13667,3120832134e433e595cebf20688b82452b155c5eda822dd04b9e07d728f9bc5e
analyses/source/coculture/scvi_harmony_all_coculture/18_build_manuscript_figure3_and_supplements.R,23437,9ab760043ffab18c06f615695ca96f1e579f8e6a0134953ff86d8725b0107eb6
analyses/source/coculture/scvi_harmony_all_coculture/19_additional_analysis2_regulatory_activity.R,12947,58840f51b21a808aad99743fa19d970f0c6d0b733918c6c0091022c2ff31d928
analyses/source/coculture/scvi_harmony_all_coculture/20_additional_analysis3_consensus_interactome_TF.R,11778,6d98126929aac358aa40a3afd550796dfdfff34c30632c170a1544966dcca8b9
analyses/source/coculture/scvi_harmony_all_coculture/21_additional_analysis4_factorial_blockade_models.R,10837,08dd00d83fbc3aecb7df354689000516d9d99dab8eb92076a3ec2afe60ce140b
analyses/source/coculture/scvi_harmony_all_coculture/22_additional_analysis5_condition_specific_trajectory.R,14199,bbc622de1cb0e4338548ffda914d2fc2cdb66bdfa9ce3b56b6ea1ac363dbc52e
analyses/source/coculture/scvi_harmony_all_coculture/23_build_revised_main_figure3_E_to_H.R,24957,541c19cb79c35618fd323680df72216ab03b183cef1d31c2c1bcaeec75454a43
analyses/source/coculture_support/00_inspect_inputs.R,2004,3f99146d3bd9c5faf8addc0851d796fb2fe30a7e0cf559e2e6902fd4a7dc2d1c
analyses/source/coculture_support/00b_lineage_audit.R,942,18e37fc5cedd64eed7a96f1e8b751ef909f1fdb1ca64254bc8c733a1122f64fb
analyses/source/coculture_support/01_rna_reanalysis.R,12250,3448ea7ba0f6fc63e174671c8f3c98dc3bf6c19c4e9861a74ee3b302dc7df417
analyses/source/coculture_support/02_spatial_reanalysis.R,6138,e12cdf65874c8df3f1fcf9c7f14222ba4c92274a6219daf0a7ff9b2e7f373dd0
analyses/source/coculture_support/03_clinical_and_flow.R,5028,27adbd28bb0219796a9bdeb34c0d6f656d98dfa1c34a26efcbb0354c4b50a400
analyses/source/coculture_support/04_build_figures.R,25376,8cf0867fdb4980fd3bf2caeaf5ad0b95c56f82cc022f174b4d2dfb267187f415
analyses/source/coculture_support/05_validation_and_sensitivity.R,4108,eb965a77e9387532fc80ff61e6e9de8570d939b974701e6c7d0de65bb5d38c1b
analyses/source/coculture_support/06_pseudobulk_sensitivity.R,2576,9e8af6075204b836452ddd6b6535171448f1b7bdfc97ad4e8ec4ac087b03bd95
analyses/source/coculture_support/common.R,3495,b66155bd809c9946f0e1f32fe7066598ef5dbf1cace73b263b3356c34d4a5bf6
analyses/source/epithelial_and_validation/priority_additions_analyze.py,17666,56329ba77cae0f357d4beef491743483fcdd711747d124ba476538cb6586fd14
analyses/source/extended_data/build_ed1.py,8065,56dc7bedb9618bbb23eeca1152ec0a75e8551804ed7fe483a6801d0432478610
analyses/source/extended_data/build_facs_barplots.py,26471,9b82be97c8a1a865d78d8f2eaa972ff2356f143d5fdf0cd77be4a71521b444b6
analyses/source/extended_data/build_harmonized_extended.py,34294,4b8915153f0e22c3498617704a85ce03550daa1ce829527147d8c5b27bedf8bf
analyses/source/external_validation/analyze_scp3818_spatial.py,7400,b4614af0e9ef45128f06f9feecb7d7cdc9446f14c28e4917a6c48668c82e26c7
analyses/source/external_validation/analyze_taurus_uc.py,15581,2ffec19efef592eb8108b9e753b638450190bfa6ed2e9d5b817ae15b52be790a
analyses/source/external_validation/build_figure6_taurus.py,16622,387e2bab3fabeb018f0d6c00cf4df1e7dc58c191c3526b99e0e63c586241bd11
analyses/source/external_validation/download_scp3818_expression.py,3017,403f6e16d940d99d30de032d81d6154a6ea9bfc68521b3d4558c15f893dae065
analyses/source/external_validation/download_taurus_colonic.py,1393,3dff4c2196e0bd25bf67f3f194f15ce29dbd40e4c432a4354f0c65793e6a46e5
analyses/source/external_validation/inspect_taurus.py,919,7153cf442f5a14ba2f3c6cffb6039ea307e2e7df0a066d38006dd8a301bb85f2
analyses/source/external_validation/summarize_taurus_design.py,1503,6f67e15247b4d272a6f4d38cbb73a1c45009fd313f4a9cf5aab0132455fb607e
analyses/source/external_validation/taurus_additional_analysis.py,8438,b4cb4539a9683ecb801bf249bf359436818501fcd83e5abaca7bab8d3c5643c8
analyses/source/external_validation/taurus_extract_targeted.py,3016,eed4b5b4e1b6b6d67c6ed90bd86e3ca30f872d270357e2d7e6fc80a6f927e0e0
analyses/source/figure_01/build_panels.py,24143,97d75565e616c1ff60fc0b5e79a48c0d622434445b3229219195c603abe71a70
analyses/source/figure_01/extract_scores.R,3762,2f9d73558bf603e145bb324e8f9548e40afb4c5656c364e6d45d409769df1ecd
analyses/source/figure_02/create_codex_annotation_supplements.py,17244,4235ddc620db6533061b945d69d822637dbd260fc5d450037e6715f2899e121e
analyses/source/figure_02/create_codex_microscopy_annotation_figure.py,11102,cc02b7bb003c57f333ab141ba3dd2e9df880a8ae99abc32e6efeb90625c3f3df
analyses/source/figure_02/create_figure2.py,27103,97a4c0f088d60d7deee35a4d3dba7b7abef53dc757867775b419371e7dd0dfdf
analyses/source/figure_assembly/figure1_compact_redraw.py,17080,de617c799f6a02e53768be606fa58a55e79396c94aadc3eb6f7ab301a59f4e00
analyses/source/figure_assembly/figure2_compact_redraw.py,15503,b7b381bc61ae7a7af7fcb2e5211893763c38f5ab63e4ad7c940ff646e07bd794
analyses/source/figure_assembly/figure3_compact_redraw.py,12159,ee65e3b9449e6042f51c8461c9ee1f5432116466400db08a69a6ab271e88034a
analyses/source/figure_assembly/figure45_compact_redraw.py,20185,7ca1333ce208efbb5ef43d1ed7233ae26ac772e429f72a914b7e9845edc3a6d5
analyses/source/figure_assembly/figure6_compact_redraw.py,16418,e68450230ab8e79adfe5723bdf732aafcad9eb87c432d43f5a63cbba4735bd8d
analyses/source/figure_assembly/figure6_current.py,14620,23b4439e0019c27feaf677d18dc05ba4af09ea339ede498876d8f64da9b81340
analyses/source/flow/analyze_dss_all_neutrophils.py,15256,d8ace2e53f5c7a0e0e56d5f8d97d1a2caa0cc89501a06d3e0d9963875a00ddb1
analyses/source/flow/analyze_expression_blockade.py,11119,36c6acbd8b0ab49f5a35259fe17abc4d9b50eb327b3abcef9990941acabacc53
analyses/source/flow/analyze_figure3_interactions.py,7642,7018687e06a759ddbbb823cdcc76d799472ca8208be4af7ac41d0f1e5112e32e
analyses/source/flow/analyze_mouse_expression.py,16758,89213adb1c12f8918e5aebf9b41f56ce3e3d515a0d3fd8d1de448d488ee0ffce
analyses/source/flow/analyze_mouse_extensive.py,21894,96d5bed58ee846c7d7737c84df7b8df6df66f3f4cc9ddf60d762e80d806a80c8
analyses/source/flow/analyze_mouse_nonparametric_fdr.py,14428,b5e74e8dafb235ee1a8214f1aa858d617a2b7bbb3772b998bcb1862e7b6ddec0
analyses/source/flow/analyze_mpo_blockade.py,14966,feac0c65788de0fa255073a66e8dba9d6b2b87674ef6ceb5f69d4e6d7358f8d4
analyses/source/flow/analyze_results.py,13199,248d9a33380c51df1624c20c73ae92d3494f483ce43e7889f6fef8d024f10b4a
analyses/source/flow/build_audit.py,7990,acce2ab5f15e5665b308af3a29bd5e3aed407007d96561716d751291ce31b12c
analyses/source/flow/build_compact_facs_heatmap.py,12531,4353713e41f88f9f7ede300a87c18a4e7ad26c72967a3a6e7d275d7470c8b90b
analyses/source/flow/build_expression_manuscript_figures.py,13885,023523ac703ed2bc5edc13b63d04c3ad2d0f8b0ee990777ee892209c48639f47
analyses/source/flow/build_facs_rna_heatmap.py,8718,b698822bae93165b6eae403a19965fd22fa9e77d04e43c6938ce198d69c3af20
analyses/source/flow/build_figure3_preview.py,11673,6db3fad764be2f32c4d5d2b6632260a055785ea66ceddbf526b6ef2737d04faa
analyses/source/flow/build_mpo_manuscript_figures.py,10753,c2bd262ae5beb791e838608f36fe5ad8f34fc07c719d07ccd760d2e71314a5de
analyses/source/flow/build_nature_figure3.py,11539,9b66f7d54ab1a297899b6fa8766e9013e76b40a54e43c44b7f8715facb729015
analyses/source/flow/build_representative_facs.py,7306,e1f1197bf9f46fd01a5c7cffd0eff734cc07b9be2c84fb3f1b129bf3cc5f9ce6
analyses/source/flow/build_rna_only_heatmap.py,4959,36614c0945064966a5b2ff9791ec43bde6d6984f4af73dedc173f1c57da6b1f9
analyses/source/flow/build_single_bh_heatmap.py,5602,6d2ce5f08af0993026cbdd1a5058ebdde0241a8f9ae29a21533999fa233dc203
analyses/source/flow/extract_dss_neutrophil_subsets.py,1409,72483559d11ef503c51a279c986991d43968d630524014bd52b3789d58069afd
analyses/source/flow/extract_figure3_network.R,1032,761545eab34c26222cbc06a3aff0813b9262bf32c58b34a1187157722ff480d9
analyses/source/flow/extract_mouse_myeloid_masks.py,1157,bb1be390368ccdac3fe815ce040da9340668bb47fd341e95264955b517f089a2
analyses/source/flow/extract_mouse_stromal.py,3697,6d2963ea1f1e5e420da615d9fdfe9c58f212db7d76ab7773e54cbffed6e89706
analyses/source/flow/figure3g_modules.R,2115,788c628556c8d124259325a40a2ffe38805ec38e6964ac54042180f718a5ee7a
analyses/source/flow/plot_figure3g_modules.py,5083,a1d1bfe8144433a5005b11bd43d4a620ac87fdec506d9fb79d3edcfe119c5128
analyses/source/flow/plot_gating_reanalysis.py,7969,68e7328c8dd03cf240c4f4d8fc4d585b0ee5d8fd503c13bfecda077af6942ad7
analyses/source/flow/plot_mouse_extensive.py,17483,08ec95c187edb3d8ec391e515da5ba4b4f92a11be4c257c3814af7aed137c486
analyses/source/human/analyze_fap_a5b1_pan_compartment.R,15403,24bf8d7016f442188948b947d10eb7338b6b442bb6e9cb86a9e55ccceb9332ce
analyses/source/human/extract_fap_a5b1_pan_compartment.R,9775,42a42e64c9150b6aa4e486f49692c6ee987f257c19c62091b7c5ca98d656eb1a
analyses/source/human/extract_lightweight_inputs.R,3413,ad4529d45d78a48053ee4a9e17c1827c930d29104e1080020413b487c568d66e
analyses/source/human/finalize_uc_fibro_neutrophil_analysis.R,19922,bfeba9511a16a9f629bd8a014bd92696f1f61b3117bd37727e6b5cba41bf2527
analyses/source/human/run_uc_fibro_neutrophil_analysis.R,35616,3dd58186d5a301729dd14eda12ae5eedd3622a4ec9e26296f88f2e9e311ede43
analyses/source/mouse/analyze_a5b1_neutrophil_subsets_pseudotime.R,17987,9e2a1e9b10914106b496d54149bc87b11a9aa40686c0dd649029cc306f86dd4f
analyses/source/mouse/analyze_a5b1_neutrophil_trajectory.R,18926,6c527b101d7d2277747a9d07ec6a4733387c41689db83c80eda7aa7ff4661e1e
analyses/source/mouse/build_comparative_analysis.py,39936,0b55e55031edcae5762b330fc0f8f845e92c4f6d394fcef943ec90ed88062dba
analyses/source/mouse/build_figure4e_downstream_target_pathways.R,5756,b35950cb283eb5975d1e132226de1224e42498cc24cbcd1ce88a259ed5284c36
analyses/source/mouse/build_figure5f_downstream_target_pathways.R,4930,97232fe39d0467cabbf0c527a21d4b5209aacf3ecd2ce721e1f8619e9827bd47
analyses/source/mouse/priority_epithelial_extract.R,3053,78284c0d4026c94b33c7750c1a6484c434cdb89f3824f39de69b16ee564933fb
analyses/source/mouse/run_a5b1_neutrophil_fibroblast_multinichenet_excluded_controls.R,19076,933c8e1d2ce99db719d742cde180581c9d0b4f1e6318309f447232839dab2043
analyses/source/mouse/run_fap_neutrophil_fibroblast_multinichenet_two_contrasts.R,17283,f15d4c5c003b5f99fd8cde0eb41472e8abc84058573e7cbf3756fbeeeea72c82
analyses/source/mouse/run_figure4_milor_differential_abundance.R,7307,2f92cb0224cb8f6227f2ac1c97920ffb476ba112d025d8e8a735244893d03cee
analyses/source/mouse/run_figure5_milor_differential_abundance.R,6431,f16bbe94656ad4839b14c0a027e0d7118fe990afcf47f91f2647324eb52c81e4
analyses/source/mouse/summarize_a5b1_multinichenet_results.R,3089,07641c36f46d08cf83959362f792caaea9b2004583cdab7abaf6d2edb5e16c02
analyses/source/spatial/analyze_a5b1_fibroblast_neutrophil_three_groups.py,25611,82a40b1866983cc8ff007a859a8bda2dbcd6d3d3a470f4e300c665aa21331bfc
analyses/source/spatial/analyze_fap_a5b1_neutrophil_reprogramming.py,37222,6a19d516e2e3f085918b432e8dca8c98c002ee8d39cca668018e7a5eeb963982
analyses/source/spatial/assemble_expanded_codex_main_figure.py,3143,19db6d02c3b5447e90adb8ffc9b3865e5d9b205915bf147115dc06f2c3b0892b
analyses/source/spatial/compare_a5b1_FAP_high_low_UC_fibroblasts.py,16043,8a71a5a7b540619708d79def34cb611154e13a5a449f9abcdb1205cbc15eaf9c
analyses/source/spatial/compare_uc_inflamed_noninflamed_fap_a5b1_interactions.py,22635,6d0c243207b38fd745914fa68a4d1f6054bb338162a6d13772cb5a5b891aaea0
analyses/source/spatial/create_codex_manuscript_multipanel.py,9793,4dfcc3ea5d0fd82a3078e56ea3750ff5ccdd8af98c466f71fc8e6a60dd942aaa
analyses/source/spatial/create_compact_codex_image_rows.py,6680,e5ba1e60fafb625aadca44fa0d5b33500400fc7a3bd60f294eaeede428249a7a
analyses/source/spatial/create_figure10_level2_celltype_maps.py,3062,e5b7445f2b75782cf6aad35344f5a7998d0eb124d1e2b953ca6ecbbe540dc8ff
analyses/source/spatial/create_neutrophil_spatial_figures.py,14943,1f871b86b3d26a938963e919fde3f27778ee4e62b05938a93331d26193fb771a
analyses/source/spatial/create_neutrophil_subtype_fibroblast_distance_figure.py,11298,d24baf7a6ad50018557fc2469aa1737100f49d88b652b4d34c6be158280afb9e
analyses/source/spatial/create_representative_codex_proximity_images.py,11237,0356dd8878160e56a4d906a3b59a7ddadfdcd48c75d3232c7b560f0f1d06765a
analyses/source/spatial/create_representative_codex_raw_fluorescence.py,7514,98a7bae684fa1140b15f7e6695824b62bfcd4ab19d3449343c976f2cdda2740d
analyses/source/spatial/create_representative_codex_raw_neutrophil_markers.py,12097,2f54d38fe0fc3a79bcb3a19c3416b2eeb29fcd753ed0c43acfcbaf971868eeeb
analyses/source/spatial/export_codex_extended_input.R,2106,9ac1d45225800521b102eabe4c1470a6ef69df88dc62e1e8fe749051c9435ff2
analyses/source/spatial/export_nolan_neighborhood_input.R,1259,1141576e754778c1189b542f88da930a3310cba12aa8e1178e1f6eb84fafdc2b
analyses/source/spatial/export_umap_for_multipanel.R,518,cb5fb59059ec5362e9a43186821e3b2f0fc23febd001bb0536447b4ed012062a
analyses/source/spatial/generate_codex_spatial_figures.py,5961,07f91c3c61a844f9203e8578e6811de1c7bc50b79697f2f9db321ff0a7083755
analyses/source/spatial/generate_group_enriched_neighborhood_maps.py,2369,2730688604522135813fc0275588d4cb38948d6410fa6f72286ff88115670c05
analyses/source/spatial/generate_neighborhood_closeups.py,3799,97c17de44509d1b1bbd5dbbfa8f2bd20ec38800470cb108fc59ed378a7c203cb
analyses/source/spatial/match_neutrophil_0_8_annotations.R,12103,75cc5392b703ca1feb1d2dcf653a91902e486d00ba6c1cebb07b087add87e8b7
analyses/source/spatial/normalize_fap_a5b1_neutrophil_analysis.py,25142,b4d8dd695909d43c40f564e5fb5de86435d1cfa7b80804291d9ef2200485d67c
analyses/source/spatial/perform_uc_fap_a5b1_proximity_analyses.py,22515,be1922ddf75455ea302f499505815b743de98dbd792c3ff2f5e6af6c6fec0df9
analyses/source/spatial/reanalyze_neutrophil_a5b1_fibroblasts.py,32535,d8086579a3c3ac3f1502e1b03cd74b119bcd1de9976c4fc81597fc4fddcb73ff
analyses/source/spatial/rerun_fap_high_a5b1_high_fibroblast_analyses.py,30542,2aa89d52b019128fb520c1fb68c7c9b6edff44232cc5f6ca6c15d2184d68e891
analyses/source/spatial/run_codex_additional_analyses.py,17432,e801eb8a764a5f907a35f39831cf52463e5ebd69b1ee8954c3ba6db6e077133a
analyses/source/spatial/run_giotto_codex_spatial.R,21838,ee5376c1527e976f3521333349093f2a274ef391e09add950d816edcf164ed4a
analyses/source/spatial/run_harmony_umap.R,9462,6568681b5ae09191a64845d442e5fc83910e0944d447718eccd390f1674b0bdb
analyses/source/spatial/run_neutrophil_fibroblast_subtype_giotto.R,8529,09f77cbad8a3d941ea3ba55f6496f42a4e801ff948d9bf659168dda68c37ef2d
analyses/source/spatial/run_neutrophil_subclusters.R,9956,2ce7100026fc6e3cdafc96a7cb45409284cc8e27e620d3687e8b7de7fa538927
analyses/source/spatial/run_nolan_neighborhoods.py,7706,f355036496a1a232289de9164af4f0d024c71d25d26ed00f2b0a8187081bda91
analyses/source/spatial/summarize_giotto_results.R,1519,df0f85143da2d003bcc834fee03f06aa2bc80d3762f2679774020708508c3a4f
CHANGELOG.md,773,9855b7a84076c6400e5d58a9b607a6a0f8e39360810a27e7c716ce5e62a993fc
CITATION.cff,3335,8bd57da391b8bc25e1e32eb9b3c96513f418eb19e6ea623806ecb8d6e43bca1b
config/biological_mouse_units.csv,1146,2539342ffebb86ee0b9d74d0e9f8fe38f54eac7d3b363bf1328e94056a1fa5dc
config/epithelial_programs.json,699,a0e12eb4f37660efb6f56e2efaf70980b3870e9b14489235ab44359406811159
config/fap_biological_mouse_units.csv,995,28660caa07aa41045756c2384907adeacb3e31255285b5c37f7c9b22f79230dd
docs/data_access.md,1297,f7b944e44d9f1d72ad15675dc4d4806aeae1f0fea64595f4f78c5d7c5e963bd7
docs/DATA_DICTIONARY_GUIDE.md,1579,ddbfce89f0c82dc52d93b0ff4a7462b6d2a8f980dfb0ef8b81a941961b2bb6a6
docs/FIGURE_DATA_MAP.csv,4495,56d15c0f30b9896c5ae7ab3fddf20163d671258465f2400a17abdafbbbcb8619
docs/figure_guide.md,4016,501f2494ce7f0d67038c566b590e79a20580f3d4bcee065df4c2f5b4702df5e4
docs/main_figure_legends.md,9869,696cf2dc79f16aaf9e7b63ffdc06896c1d2ce7603dc0415596fd7fe37c1ce11c
docs/METHODS_AND_INTERPRETATION.md,7090,15e1583bcdf549f8256cb5df41117c719a916ab4e448705623fcfd38e043375a
docs/reproducibility.md,4123,8977c0ddd4bc1137f729cd9f746829612fedf31428340e0dfb4a6372248d2e1f
docs/supplementary_figure_legends.md,8830,2ae9a0021224b54879056b2f7f1f1d552fa3c5adae2eca3510ec850f84a9a391
environment/README.md,1837,109ac1e2c1c46bc76978d1ae0f5085cf5d0413c9ac58f1f6ef83f4331a0502bc
environment/requirements-summary-tested.txt,55,df7f190c62c6e57448a36783f0925d080bb52b0bc85050e380d02e981b50bb99
environment/requirements-summary.txt,57,3bf249e45e2b8a726a4e11622ed1e240dd56496ce32c2711cd244836596ab2de
environment/tested_environment.json,211,8d9226c686544f3dd4808ff6e30ba399afcf52374d720cf98276b7f5de4b6445
figures/extended_data/Extended_Data_Figure_01.pdf,97501,aaa6ab93792ce15f221863408c8ece156e436a5a4b044225954d15c758d0fa44
figures/extended_data/Extended_Data_Figure_01.png,411059,b01a9cd6785ea3b2a24a84eef9740a31c24e26c748adc7d27fd70fa1851f58cf
figures/extended_data/Extended_Data_Figure_02.pdf,2449530,051dcc1bdaef3a6403d061caf2f0baeaaf5816d27979193a4992c3289a495688
figures/extended_data/Extended_Data_Figure_02.png,657129,102ba42cfaff0b1b4ae5f59ad44b13bd16f10c330f4bc88cfce346fa40f519ec
figures/extended_data/Extended_Data_Figure_03.pdf,1268984,8bd425b41d71c3384c08857b5afb535f074adea23ec5f33dc259acfe34943b6d
figures/extended_data/Extended_Data_Figure_03.png,361403,53cd249827204f8f3366de5670a00aa1d50e257e116821d539189a8bed5cb2b1
figures/extended_data/Extended_Data_Figure_04.pdf,1828587,21ae76622b33e4b244c509fe1985dea80a7afd605fe600204737a00aa6dfb5b8
figures/extended_data/Extended_Data_Figure_04.png,259827,2c7581d19c24d69b272a5d738dabcc15fe2e02eb98ac7935b0bfde92b4be2529
figures/extended_data/Extended_Data_Figure_05.pdf,9157624,01999dcf7fbb89807685d29416c62758cfc920e104facc76159f473592b55333
figures/extended_data/Extended_Data_Figure_05.png,745385,c95cbfefeb5f0fe37aa76397879995fa73c4a41e6530d84b2bfb03526c98e30b
figures/extended_data/Extended_Data_Figure_06.pdf,1196210,c67611e40e284a477cee13f3b8c0e4266754cc6e0f059bc0974e6857e1da4bdc
figures/extended_data/Extended_Data_Figure_06.png,103147,86a10e7bf468ab6db9ce5dc41da8e22d71fa4012a1a30903d0b27d7df15ac0ff
figures/extended_data/Extended_Data_Figure_07.pdf,1208106,754325fea6d6a424182b218a088315f528174f41ad0cc4e8b938c025a28d2d95
figures/extended_data/Extended_Data_Figure_07.png,239514,2bcb9208cee61a8a5db06cf65b3036720216988ab53e501459cdd97ba2f9f550
figures/extended_data/Extended_Data_Figure_08.pdf,4804914,b014ce7452e56435c513f95311b7698380bb8e7b959d542756d27bb663e583ef
figures/extended_data/Extended_Data_Figure_08.png,604670,81792a916a481ea56a7e02fb3a042c38190564586c8faab77cd34831640d39ce
figures/extended_data/Extended_Data_Figure_09.pdf,1168328,07fba8e57125a26b606a9b599938bb7d47daed6625e3a22f44dea9e0e48aae66
figures/extended_data/Extended_Data_Figure_09.png,140290,c68ded7bb2b238cc280ec1ef439ed173ed88b09842e357acf9b3bf061875bf80
figures/extended_data/Extended_Data_Figure_10.pdf,6115835,e2bb310a21b579daa2dcc011f668b7f8f97844883bd4b43e675a5872260f2351
figures/extended_data/Extended_Data_Figure_10.png,298195,a3a526372689dc84c33ce4c8e1e2a99ecaeb8edbdd3e96d14bd048d89d42d25e
figures/Extended_Data_Figures_1_to_10.pdf,16205333,e9b91b00ac03d2bc057d9fef46992f2440bff8bb323fe72c9b4def9907f536ce
figures/main/Figure_01.pdf,849770,a015e27809b81b26385ace0a52ba58e34dfd867cb54dc8f500cbe4b947c2ea4b
figures/main/Figure_01.png,837360,ba0d1b97d6bb5b952a1a8d3680786f9fbeb149b380f8aef6c9decc530eee68d6
figures/main/Figure_02.pdf,1258060,acc28bc0df8403e0057a8873685b7e963e2b3a6eb1c85a96a41f73a69fbd6623
figures/main/Figure_02.png,936526,e3ae48de0e6ddeef65c7ec6a812639107e7960225c5f2885ca7983a2d7aa7c78
figures/main/Figure_03.pdf,255652,9e32dd9ea15bb56f6bfbdb4feeefb444d16cdda970006d8c3f4e4d4badc3ffdd
figures/main/Figure_03.png,528545,754c2af3f79de3aa1861012d68da0ac13388d24835e2bddc4a470288ee38614f
figures/main/Figure_04.pdf,4223986,3f6c4fb48cc2fdde2427284e4c7465036cd0b70542989f66e9a9dcb17b3e8893
figures/main/Figure_04.png,1411474,d5a86b58ac2e8bf34f7a8ea9cbee9c2e77aeda86060d2c7a72811c112f5eb5ce
figures/main/Figure_05.pdf,6129914,1c23fb105f155cded1cffb8e882e0d80d76283edb07917fe2e8416e294602658
figures/main/Figure_05.png,2038280,53b5adb61b76a17e730d9650b4a65499d5a1f6acabf791bc3452b1a6cde20ed2
figures/main/Figure_06.pdf,134317,73b92c2cea34c2a73693212e349bb0bf5e1dbabab096c2cb5f970d8b903e52aa
figures/main/Figure_06.png,438752,6d0fd678329b69d1bbcd8acf047eaf979aebf178fa5ac2c00eee4c965ac57a5a
figures/main/Figure_07.pdf,1867637,4677c1fcfbd9dc77ce90a5d2e4bbc5dc551710ad340f57866f2d9e9b57e29114
figures/main/Figure_07.png,558337,85e2591c31a4a74a4c867f463b55124def02297d1f56bdd475b7bbed60cb5217
figures/Main_Figures_1_to_7.pdf,13017477,c37ee2ba741bfcb753f620b49e954351df10a4bcb74516164081e1ddfa6cebac
figures/supplementary/Supplementary_Figure_01.pdf,97501,aaa6ab93792ce15f221863408c8ece156e436a5a4b044225954d15c758d0fa44
figures/supplementary/Supplementary_Figure_01.png,411059,b01a9cd6785ea3b2a24a84eef9740a31c24e26c748adc7d27fd70fa1851f58cf
figures/supplementary/Supplementary_Figure_02.pdf,2449530,051dcc1bdaef3a6403d061caf2f0baeaaf5816d27979193a4992c3289a495688
figures/supplementary/Supplementary_Figure_02.png,657129,102ba42cfaff0b1b4ae5f59ad44b13bd16f10c330f4bc88cfce346fa40f519ec
figures/supplementary/Supplementary_Figure_03.pdf,1268984,8bd425b41d71c3384c08857b5afb535f074adea23ec5f33dc259acfe34943b6d
figures/supplementary/Supplementary_Figure_03.png,361403,53cd249827204f8f3366de5670a00aa1d50e257e116821d539189a8bed5cb2b1
figures/supplementary/Supplementary_Figure_04.pdf,1828587,21ae76622b33e4b244c509fe1985dea80a7afd605fe600204737a00aa6dfb5b8
figures/supplementary/Supplementary_Figure_04.png,259827,2c7581d19c24d69b272a5d738dabcc15fe2e02eb98ac7935b0bfde92b4be2529
figures/supplementary/Supplementary_Figure_05.pdf,9157624,01999dcf7fbb89807685d29416c62758cfc920e104facc76159f473592b55333
figures/supplementary/Supplementary_Figure_05.png,745385,c95cbfefeb5f0fe37aa76397879995fa73c4a41e6530d84b2bfb03526c98e30b
figures/supplementary/Supplementary_Figure_06.pdf,1196210,c67611e40e284a477cee13f3b8c0e4266754cc6e0f059bc0974e6857e1da4bdc
figures/supplementary/Supplementary_Figure_06.png,103147,86a10e7bf468ab6db9ce5dc41da8e22d71fa4012a1a30903d0b27d7df15ac0ff
figures/supplementary/Supplementary_Figure_07.pdf,1208106,754325fea6d6a424182b218a088315f528174f41ad0cc4e8b938c025a28d2d95
figures/supplementary/Supplementary_Figure_07.png,239514,2bcb9208cee61a8a5db06cf65b3036720216988ab53e501459cdd97ba2f9f550
figures/supplementary/Supplementary_Figure_08.pdf,4804914,b014ce7452e56435c513f95311b7698380bb8e7b959d542756d27bb663e583ef
figures/supplementary/Supplementary_Figure_08.png,604670,81792a916a481ea56a7e02fb3a042c38190564586c8faab77cd34831640d39ce
figures/supplementary/Supplementary_Figure_09.pdf,1168328,07fba8e57125a26b606a9b599938bb7d47daed6625e3a22f44dea9e0e48aae66
figures/supplementary/Supplementary_Figure_09.png,140290,c68ded7bb2b238cc280ec1ef439ed173ed88b09842e357acf9b3bf061875bf80
figures/supplementary/Supplementary_Figure_10.pdf,6115835,e2bb310a21b579daa2dcc011f668b7f8f97844883bd4b43e675a5872260f2351
figures/supplementary/Supplementary_Figure_10.png,298195,a3a526372689dc84c33ce4c8e1e2a99ecaeb8edbdd3e96d14bd048d89d42d25e
figures/supplementary/Supplementary_Figure_11.pdf,194176,e77695e9245c0c568ed1cae47fb1e0eecebe35cf220401b9473724f6ceba3c2a
figures/supplementary/Supplementary_Figure_11.png,227084,58b20b9849d8e0324607dbb1f09c189f221f4c4e883329fc48a85f689e690f66
figures/supplementary/Supplementary_Figure_12.pdf,318631,80b35fafe9d4a4f65f5e1393cf6c7e73ff3c29f116070580bdf5db15825c8669
figures/supplementary/Supplementary_Figure_12.png,271312,0d0dbbec172bb9bbf9eb0fa5ddb70050c39b0410b6af35775894c0d3c16578b8
figures/Supplementary_Figures_1_to_12.pdf,16638969,9e952c5abfb4496490171338879c27153e90e49614b8edd0620684377648a47d
LICENSE-CODE,1097,c0995da09c6bdef98c306d022aecefa9edcfa2f9ebe90046f5dbbfceacaa56b6
LICENSE-DATA.md,617,b881455ce523cfb3e54443410f2c6016b903e53777adce422b0528225670340d
LICENSE.md,511,d65e88b7b2a208d11b9a850a7324829ccb6002d4f8608ae9f77c358c1dd95446
metadata/analysis_index.csv,24521,80c54101f16b288d1c45915ca62afc2fae1d82f55cdbd134507b6153458807cf
metadata/creators_from_manuscript.csv,1949,ddd9f1ee159bf3a588ac797329df1b5e6ef031567b84681cc707c458f1ea17cb
metadata/data_dictionary.csv,1029215,b48ecde937dd711f53ea7b0ec36c307da71bf5036595b5d557daec06cde5b372
metadata/data_package_source_provenance.csv,122630,2c0f4e463090112c1511e21cfb000d454a48c859e94deaa295736c535ad098c1
metadata/figure_index.csv,1628,936c06cfe82717efba2e62b0bcb0072dbbe98ee83ed76046ca3def6d753d893b
metadata/source_provenance.csv,193908,1ab70d1c3ad07d5a4951e7c599025a63ed79f98f8582b2fbe04267531e1a3695
metadata/summary_reproduction_verification.json,2661,fb7b010b83418d21db503b2f1b14ac466e7770fdda9919c38e757d38d4d37ac6
metadata/table_quality_report.json,133,437ab5b212ae25e921cb8ba4fb9495f3c9bcda010b1cc44f21ae3578a9adfe2a
README.md,4801,d3e3c4f00611d9f5fb432b2d5982d70a66912761bb47b3a56c14d0bea4dd2618
source_data/coculture_fluorescence/FACS_coculture_effects_figure3.csv,1927,d6930c85a4dc25a0324b1c137969b26692ff9d95f83ab43c44a740b7f9edf89e
source_data/coculture_fluorescence/FACS_context_interactions.csv,2935,d47a5254b035b2e7bfea7aed13e0f6f74a37c02caf27cefaf3573ac3e7136ea2
source_data/coculture_fluorescence/FACS_sample_expression.csv,72413,75c11cf1a053081829df75ffcbcf39e6d2e2559c3071b89ef340b9463157ab4c
source_data/coculture_support/all_neutrophil_denominator_contrasts.csv,4016,d6d4ca61c45bd7ccaa98cc00c6c56d47a229d3361bb9ca2176ed036c7e97ffde
source_data/coculture_support/all_neutrophil_sample_quality.csv,2307,8fa9d1ac6b4c57775e7922cc161eef7af2c79acfa3217444fd94e62c6720112e
source_data/coculture_support/canonical_cell_counts.csv,779,832fc6a3474253570d683ea46d4b7a0b7d94d0ffbacf2b50e1f60e2681ac8ff8
source_data/coculture_support/clinical_change_comparisons.csv,1868,0f7bc883cf261eba0947d9363ea9c33344a2df10b3b02cef7d9a1ff78a1a9a93
source_data/coculture_support/clinical_leave_one_patient_out.csv,10548,479fe8b46cb62e21821e7d9320afe718d24e88c00b2fef4d90706200b6f9d351
source_data/coculture_support/clinical_paired_patient_values.csv,8069,1fe2467a5b0e710775daf4fbce9d35612df6ff60373ebe1848d71d290b034c68
source_data/coculture_support/clinical_site_aggregation_audit.csv,12835,5c7eeb59e222402c566876499ef4880948946ee94bebba217e68e4ba4c5bc29f
source_data/coculture_support/clinical_site_values.csv,19903,58dcc33c70483a5c64fc915f83a75cbd0efe5a06a008551a3edbeece9b4500e6
source_data/coculture_support/composition_activity_decomposition_by_donor.csv,37374,2785bc76dee155ebf1b2cafdd196423dd6e87ca2e299dec4c774ed87c9464bb9
source_data/coculture_support/composition_activity_decomposition_statistics.csv,28810,5d4cc916cf698b94e0f4df3c2036352bb746d3f895af6a3986c1ff7308329e37
source_data/coculture_support/composition_both_denominators.csv,20515,1ed5e149f02fef0028a31ade15fec4793e902394fb1f6a1603b3f5c6d819cd0a
source_data/coculture_support/composition_donor_contrasts.csv,12393,7e3ed84c89cadea69869e5752e5ffc2a6281f16846da09ae239a31d1e253b1b2
source_data/coculture_support/composition_individual_differences.csv,22884,ea39f6b2eb1cd0a7ad464406980e667081fd4db56c89c3d35624ed887209f982
source_data/coculture_support/composition_leave_one_donor_out.csv,3076,de57a5d2a893de66bcebf7e1ab68ad10946a1bfdb701993b72bd3f4ecf42dc46
source_data/coculture_support/external_program_measurement_coverage.csv,2337,72c7362b3600ec5b727d92e3465692418e797c34fcf6ddb79584a2a209f8f595
source_data/coculture_support/external_spatial_annotation_inventory.csv,142682,db3cea5b93680fb7693f9ee747844fb7d29bf278d9207da7cc0a27524ff2fbcd
source_data/coculture_support/flow_continuous_effects.csv,2528,1c62a7e10e83a1224ab7754f84731220cd0a08f7efae054ca44062aea0f9aca0
source_data/coculture_support/flow_continuous_figure_values.csv,17610,6a157d705ebe325fcc22c3eaff0c10c2afaa49078782349ffd4587127aa8ea6d
source_data/coculture_support/flow_existing_complete_intensity_tests.csv,10565,4c6ad7d1c63e51a20b896b5aad59add2bbae9f10157e11db9800ce96240358dc
source_data/coculture_support/flow_existing_review_measurements.csv,54725,deb4aafcad47e0133919d84f8d9f1467b9048e166fd66f71a6ac9db290fd0ec1
source_data/coculture_support/flow_existing_sample_QC.csv,10765,2f2874fb88236bbfe0d7ac234c63f9f21d77324d8d385a4e0e67a27453f936a1
source_data/coculture_support/full_gene_cell_quality_by_sample_state.csv,16323,3584e4ffc2093e529490faa69876a57be52851e57c11fa190b420bed648bf955
source_data/coculture_support/full_gene_competitive_program_tests.csv,8020,55b3672c81cdc10f5cea6eb3f3ce5800626e2db7c3d65feaa306e410f80c401b
source_data/coculture_support/full_gene_pseudobulk_differential_expression.csv,15709794,f563919ec1c06f40a0928dacb47d833cf3492c1a60515a7b86c5cf40d6fe66d7
source_data/coculture_support/input_cell_counts.csv,15706,59be86569599e501d7aa40cc1e7c8126b2847c1cb633895aa2773b05e82cba43
source_data/coculture_support/lineage_audit_counts.csv,2893,dc41184ec983f25df29b103d76100f40e4c21ea4392a20d8f8b2bfc4d77c5e17
source_data/coculture_support/lineage_eligibility_before_unresolved_removal.csv,10109947,aaf7713e1581be7d12c83a4b7e4a8c0b761ffbc46bf78bbf49c221ce86789f6b
source_data/coculture_support/original_vs_donor_variance_comparison.csv,915,46ffed1177ff0ba947a31cbce7e17294f3777155b78d3a0e85b732e91beea497
source_data/coculture_support/population_program_contrasts.csv,308906,c11dea5d90e83e298cdfc7ea2f9d54e16a214470e0e908e15814fe13bcb59315
source_data/coculture_support/population_program_donor_differences.csv,738876,d172a775aeff386e057ba4b92016d02abad3cdd71b50c4213095b08e1bdd8fa6
source_data/coculture_support/population_program_scores.csv,338439,8eba9ceb625be646f6b23d12cef8d15c80073100154b7fd70fbf2081f6ad95dc
source_data/coculture_support/program_coverage_summary.csv,387,63e39b684989c6e9b2e1d0f10e2e79c08772bf9a4cb4a1778fd8608ea10a8777
source_data/coculture_support/program_gene_coverage.csv,4605,23ad4fcfc20ec5a87037be3e828c901b50956f2c013bf6d5cc1881984a4211f7
source_data/coculture_support/program_reference_scaling.csv,4125,1b17131d3c9db0ffb217680c75532203fff42eb9aa04c286c5d54df587562192
source_data/coculture_support/pseudobulk_program_correlation_sensitivity.csv,13428,a7147bfb6a93da58e57fe9f169c0ad63a6613c392195a6e6d67008de81a3b6d3
source_data/coculture_support/pseudobulk_summary.csv,383,1836968ccb547905f7ee3f512230cd2231bb21456349e6ae33a549454b69df57
source_data/coculture_support/recorded_pairing_sensitivity_independent_arms.csv,16266,a529f00d556b0d8d9448f0892b37057165751e6973840ccf791aa99d09cd7d86
source_data/coculture_support/rna_cell_annotation_and_quality.csv,9987396,05fd6ffe4fa7c2ebfe1bb7595e92829be192bc376a1b1908ee38a1e5d5799d79
source_data/coculture_support/spatial_group_effects.csv,10368,b2107dcbf0a5d698e0d3a9907e2c32c97f41ac0098188200cce27ea0b1c29002
source_data/coculture_support/spatial_leave_one_out_summary.csv,243,758dd289760305893d60d7d923d35f77872711c92c990d0e5ee9470ed06108e8
source_data/coculture_support/spatial_leave_one_ROI_out.csv,8686,3c576748c2766a4c95a1629ccff32275a367b4d5f3258cd0ca41a606d412eee7
source_data/coculture_support/spatial_neutrophil_context_features.csv,2971319,fa68bb8155c5db6f143f199fcca78fb53ba63d2cb2f544f4313428fef123f79e
source_data/coculture_support/spatial_pooled_null_distribution.csv,57392,ad2a9b903abe88cbcff75c2bf771ab911aa86c97f53afc8b65a869018d04f4e8
source_data/coculture_support/spatial_restricted_label_null.csv,1208446,3c9481cee31b6654505ce8d6e3574f730966ac6cd332c442f4f9b79eeea2cfa1
source_data/coculture_support/spatial_restricted_label_tests.csv,474,281419b1dc779b703155649ef24de28540415fd4a6f1cce38cd0b189ccd9220b
source_data/coculture_support/spatial_ROI_effects.csv,33718,2a0503714193e6e657700665539ecdd22334d73ee06fa6749653d75a68e35936
source_data/coculture_support/spatial_sample_coverage.csv,939,4201c6849175f676acf5aec4037a3c33d5dde1ee73548dbd87be76ec8830aa94
source_data/coculture_support/spatial_thresholds.csv,175,44c6dcd086479426f5c125f732af5860866e5a0b163fa2b5aaca97d0ab915ebf
source_data/coculture_support/spatial_UC_pooled_effects.csv,3155,dfd398b16bc8360088aa98545c2e0e4c4d9ab71826e56c985f61bb32373b3b04
source_data/coculture_support/state_program_scores.csv,410227,405f5f4e75f7a3604c79f1adcea0d3c8d99ff347657f51e8b29bf2e9d4b12fbb
source_data/coculture_support/validation_checks.csv,288,6526d9724af9f7e6dbfe0193a1c8351387c90474154d22deac68cb169e11bb3e
source_data/coculture_support/within_state_program_contrasts.csv,109685,928741f2fb0e381ef34575d4dca393fbc0881f0cec908e65325e8c84d174842a
source_data/codex_high_yield/analysis_2_patient_continuous_coefficients.csv,7173,51a6e52d82f3eb6f41796f0840ee69ba76f71a53f8aab01faaabfe574a66c675
source_data/codex_high_yield/analysis_2_patient_level_statistics.csv,630,0a78723e1a2227e7a2517b4b778442876b861bc74232e7cc34a194c2e26efaf2
source_data/codex_high_yield/analysis_3_multiscale_patient_effects.csv,68629,144cf27c4d03c75d072495ca97956b72bf7eff44e928a2a37312c0563ad72f88
source_data/codex_high_yield/analysis_3_multiscale_patient_statistics.csv,6093,67f55e688c11f244f731e536213a8a88144f19aacf03724d71fae79aa9f7a942
source_data/codex_high_yield/analysis_4_patient_distance_bin_marker_gradients.csv,89966,a0900da6cb9aec3bee552e0c3102d359741ba9a6951b26209201cb2e72b20773
source_data/codex_high_yield/analysis_4_patient_distance_slopes.csv,29869,8e33b84d82ee0154e6ed9fc41d5bacbdb19f07a17d86048b8120c16c55ad5426
source_data/codex_high_yield/analysis_4_patient_gradient_statistics.csv,3458,4ec24c51d3e56893cb9166b1a31b41457a992846e932f53c1b1ac085f76bc234
source_data/codex_high_yield/analysis_5_neutrophil_specificity_contrasts.csv,16124,7c2e110de21592589e73ba22db6e67de3ade2847f09a86169d8344161c5171dd
source_data/codex_high_yield/analysis_5_patient_immune_specificity.csv,75778,f5a2179eacca5715f08d9bea41e15d73e3be5e9a5b780c9bac8f587ec4514244
source_data/codex_high_yield/analysis_5_patient_level_statistics.csv,5723,4bd1a2c7df4b47a60f5f503c83c82a397d8f8981011ea09287a5809040fa342e
source_data/codex_high_yield/analysis_6_leave_one_patient_out.csv,1438,b36766a7b22128a9621fcb259403452b232d6de0fce318014f5b36d044ac3c9e
source_data/codex_high_yield/analysis_6_spatial_null_sensitivity.csv,9821,86b08c790478e3d102a7c21917136dd5c45d872664bbd6c3bbc48ddcc62a5311
source_data/codex_high_yield/analysis_6_threshold_sensitivity_group_medians.csv,5850,94b04152881445b13a50f10f6528c6964e856b0c3b5d0e13223fde2af432ad76
source_data/codex_high_yield/analysis_6_threshold_sensitivity_patient_effects.csv,54956,b922e76b476bfe3592985cf3fd1ea0922aa9f3ecd560452a88a0ff2ee913184f
source_data/earlier_figure_sources/culture_annotation/Fibroblast_Subclustering/fibroblast_FAP_alpha5beta1_by_subtype_and_condition.csv,2653,bcaa8f37366f4b9bc98fce4f763416a4004bc9c01924c9d5be295c9d316d51b7
source_data/earlier_figure_sources/culture_annotation/Fibroblast_Subclustering/fibroblast_FAP_alpha5beta1_condition_paired_tests.csv,1824,12ab2322d81c4cddbf2116e062f9c08267053e36e9ef64b527ad2de7a1aa0b0c
source_data/earlier_figure_sources/culture_annotation/Fibroblast_Subclustering/fibroblast_FAP_alpha5beta1_expression_by_sample.csv,2293,8ee82fa932b7e85ff9b385bd2c0f321d2b9f611f19016629605c19693bf9919c
source_data/earlier_figure_sources/culture_annotation/Fibroblast_Subclustering/fibroblast_FAP_alpha5beta1_expression_condition_summary.csv,2506,dab5ec0f6abe5a83622441cae37cd0582136c32e13fc1a6a1b96ead359f8b8fd
source_data/earlier_figure_sources/culture_annotation/Fibroblast_Subclustering/fibroblast_subcluster_all_markers.csv,735104,d234bf309f059cc440dfabc07d87d0a1bd0437adcab0bd01e13a414fd092fd20
source_data/earlier_figure_sources/culture_annotation/Fibroblast_Subclustering/fibroblast_subcluster_annotation_key.csv,793,c9a37f94859f760dd5be673ae924e05039f2f79ccff3eb9887f693556214a605
source_data/earlier_figure_sources/culture_annotation/Fibroblast_Subclustering/fibroblast_subcluster_condition_counts.csv,285,d16cdd57208bc2b58881fd04231df6b4a6a0ed86c97bb72842d640a8c45920c9
source_data/earlier_figure_sources/culture_annotation/Fibroblast_Subclustering/fibroblast_subcluster_confidence_counts.csv,588,ea2557e3f11fb4801e10fdbecea05bf83174c1b724f9d71ac56bfda3278aec17
source_data/earlier_figure_sources/culture_annotation/Fibroblast_Subclustering/fibroblast_subtype_composition_by_condition.csv,2453,051e6340db5707983932dfc3a21a77a40b3239129df8cafc98c8a4cd3f807411
source_data/earlier_figure_sources/culture_annotation/Fibroblast_Subclustering/fibroblast_subtype_composition_by_sample.csv,9758,835d8263eddf8a543136d6970bf6208767968c0543d4ca1102cc1fbc793140c4
source_data/earlier_figure_sources/culture_annotation/Fibroblast_Subclustering/fibroblast_subtype_condition_paired_tests.csv,1623,46e53957ab3813c73d2986f0574e6371167fc17a227a1d29246c731c6d3d6c53
source_data/earlier_figure_sources/culture_annotation/Neutrophil_Subclustering/canonical_neutrophil_cluster_condition_counts.csv,600,175ebe91d803d80d5c6b1456fe2b54c4bf6abef084b29e75add279ff6320a3ae
source_data/earlier_figure_sources/culture_annotation/Neutrophil_Subclustering/canonical_neutrophil_cluster_state_overlap.csv,616,ccb539ed41b5e962ff4bbd5dd0f301cefb82b3c44a2a677c122940b9702c7920
source_data/earlier_figure_sources/culture_annotation/Neutrophil_Subclustering/canonical_neutrophil_multiresolution_cluster_counts.csv,1984,1de24bc3c48ef105b4e5c99cf89d02503f76e00280e6054ef758bcf297d521ff
source_data/earlier_figure_sources/culture_annotation/Neutrophil_Subclustering/canonical_neutrophil_state_counts.csv,199,0239b524445337ff71cdebc1d49c0dc81fb868f7c03ef6a60310dcbd7a4046ea
source_data/earlier_figure_sources/culture_annotation/Neutrophil_Subclustering/miloR_neutrophil_DA_contrasts.csv,396,04f546676c728a16d54ba15656b66c2e0b8214636989a725b5c16a582b9bce96
source_data/earlier_figure_sources/culture_annotation/Neutrophil_Subclustering/miloR_neutrophil_state_DA_heatmap_summary.csv,18394,67a51ff08007f7c7e5294938039d2c4af3ff8ca075a28bf46f23121a638047c3
source_data/earlier_figure_sources/culture_annotation/Neutrophil_Subclustering/neutrophil_annotation_marker_dotplot_source.csv,13679,eb27950780abad8f42e61932169829980a296fd696a7f5a9f49b63604cf799c8
source_data/earlier_figure_sources/culture_annotation/Neutrophil_Subclustering/neutrophil_cleanup_audit.csv,10355,d35e6be2235ac15479ceb9af1234bed90e089aa62c179748cee515046d0454b2
source_data/earlier_figure_sources/culture_annotation/Neutrophil_Subclustering/neutrophil_cluster_known_marker_average_expression.csv,7106,23b89282da2184b31fa6422228e87387b4742721abb094d5ea8ea4b225f633db
source_data/earlier_figure_sources/culture_annotation/Neutrophil_Subclustering/neutrophil_cluster_selected_marker_summary.csv,19640,5c5a292ec6a9130ec3691544045a981691a327e792ccf07de7fc81276dfb0c1c
source_data/earlier_figure_sources/culture_annotation/Neutrophil_Subclustering/neutrophil_condition_donor_counts.csv,1775,e0980df254a20fb49cd455bc9d03561dd0fc62fd7438b6d92a4ef15f215bd067
source_data/earlier_figure_sources/culture_annotation/Neutrophil_Subclustering/neutrophil_OSM_CXCR4_MX1_PADI4_by_donor_condition.csv,8644,93632c896f35fc9387f28bb9d6d45e994ea55b7f52cb363f38b7df3b81e4fac9
source_data/earlier_figure_sources/culture_annotation/Neutrophil_Subclustering/neutrophil_OSM_CXCR4_MX1_PADI4_condition_summary.csv,1663,92f9cc49028c941a0d8ba3b7e7f7f7abab59fb62d0333ca8cc67106f1baf9237
source_data/earlier_figure_sources/culture_annotation/Neutrophil_Subclustering/neutrophil_OSM_CXCR4_MX1_PADI4_paired_condition_tests.csv,5858,fc9c8675da3b803f96e8a555ffa9f7587f41cfe3f80b4ca133535780d5b3a704
source_data/earlier_figure_sources/culture_annotation/Neutrophil_Subclustering/neutrophil_state_composition_by_condition.csv,2652,1c2d5572cc6485da409e364ab6e46c23369982d477d1f1af4088ab05dbd83384
source_data/earlier_figure_sources/culture_annotation/Neutrophil_Subclustering/neutrophil_state_composition_by_donor_condition.csv,14474,e3be0cf6b18932a98b7d2019e729733a567236233b8c3195553b8e1a54a1519b
source_data/earlier_figure_sources/culture_annotation/Neutrophil_Subclustering/neutrophil_state_differential_abundance_contrasts.csv,396,04f546676c728a16d54ba15656b66c2e0b8214636989a725b5c16a582b9bce96
source_data/earlier_figure_sources/culture_annotation/Neutrophil_Subclustering/neutrophil_state_differential_abundance_donor_condition.csv,18663,82d76e57ffe41e9b56af2a7d6bd0d6980f3ac40e9ebb4a5738204ec84b505e07
source_data/earlier_figure_sources/culture_annotation/Neutrophil_Subclustering/neutrophil_state_differential_abundance_pooled_composition.csv,2652,17cb267a4a0fca710f6d1e6c7a6ab690ac6f8ac8ebb9afba217b2e333c9e0114
source_data/earlier_figure_sources/culture_annotation/Neutrophil_Subclustering/neutrophil_state_differential_abundance_tests.csv,7710,46e7149942e6bca7437df8e216d24bb2fae37badbcc816ee3f9ce122265b4518
source_data/earlier_figure_sources/culture_annotation/Neutrophil_Subclustering/neutrophil_subcluster_all_markers_downsampled.csv,90082,0b19784278247c61f9b9cb751744a5b5779ec49110678b47abc76f20de6e2197
source_data/earlier_figure_sources/culture_annotation/Neutrophil_Subclustering/neutrophil_subcluster_annotation_key.csv,2267,c871fab08c91ccc550512386dcccb84f2c4a26540a8b15fa151c9289e28e7488
source_data/earlier_figure_sources/culture_annotation/Neutrophil_Subclustering/neutrophil_subcluster_condition_counts.csv,3965,034cdf086e67becd3d2cc9d82bf0148f77ef3871b284e0874edd0d3d7c257add
source_data/earlier_figure_sources/culture_annotation/Neutrophil_Subclustering/neutrophil_subcluster_existing_state_overlap.csv,16541,9bb730d44924707e1e970699d239bb0f357f10e8863e949075d4c77bbee79fc8
source_data/earlier_figure_sources/figure1/fibroblast_existing_umap.csv,599280,9ddd555f7bbdfac3134d41f39e0b4bd6ebcc83f18143111d9b81ec036036f88c
source_data/earlier_figure_sources/figure1/figure1_prioritized_interactions.csv,6406,aa2f85608793487cbf0cc7d6fc99e4feceac731c718897f6ffd911975670c32f
source_data/earlier_figure_sources/figure1/inflammatory_fibroblast_target_activation_tests.csv,641,91a90e34ca2e661fc129b78df0b7c1b7a5aeee683d3f4fdb46a037ecec545f7c
source_data/earlier_figure_sources/figure1/neutrophil_existing_umap.csv,4263940,a8796b90d0f44bd1356c87b4eb0e9ea5cf643557ef200e44d60a917874a9f8b7
source_data/earlier_figure_sources/figure1/paired_cell_state_abundance_tests.csv,1802,96909f1f63a8e6858d06780fa296da35df9f84616a37c4127beea6a23cb63b54
source_data/earlier_figure_sources/figure1/paired_lr_interaction_scores.csv,5769,944dcf5760e31a091bf8abab49553f0c34b4c14212e3328616b11fc12354c52a
source_data/earlier_figure_sources/figure1/paired_lr_interaction_tests.csv,583,acbbaa8c051546ce700540ff390df9fb7eff10f7e687315f4ea618df14382ad0
source_data/earlier_figure_sources/figure2/01_fibroblast_state_abundance_by_patient.csv,5458,eae399b4a66e86eaadebb42a55fe4ba1ed65bdd53230a341e168d5e1ad15a25b
source_data/earlier_figure_sources/figure2/01_patient_cell_counts.csv,2944,813664e2f259da23bddf58e5353efe7a586ba11be113b5d4f7afc9cf4742691b
source_data/earlier_figure_sources/figure2/03_spatial_enrichment_by_patient.csv,29148,61a25106bd9fd0ad0fa7cdc38ba508b03dcb8034e517389d65606d4fd7290588
source_data/earlier_figure_sources/figure2/08_neutrophil_marker_proximity_effects_by_patient.csv,196462,4ab423daf9a4bd1610266ddd76f0b4d57dd6d8405a1ecfe02e5bdf7c9a23cea3
source_data/earlier_figure_sources/figure2/analysis_3_multiscale_patient_effects.csv,68629,144cf27c4d03c75d072495ca97956b72bf7eff44e928a2a37312c0563ad72f88
source_data/earlier_figure_sources/figure2/analysis_4_patient_distance_bin_marker_gradients.csv,89966,a0900da6cb9aec3bee552e0c3102d359741ba9a6951b26209201cb2e72b20773
source_data/earlier_figure_sources/figure3/Figure_3E_restored_functional_programs.csv,21736,65c4d05a4c0c134271eb3f40e04a1a828ed15fa0532274a93b70ad780c2729a6
source_data/earlier_figure_sources/figure3/Figure_3F_factorial_state_abundance.csv,3434,ea0d4a5e3b38a6aca4b9451492665f96751c558d0da1d9671b540edcb1616c8b
source_data/earlier_figure_sources/figure3/Figure_3I_alpha5beta1_gene_trajectories.csv,4465,1b53252fc19f25d63bc0408ceb6aeeff210c1f4334da46478d8195b4efc7ef44
source_data/earlier_figure_sources/figure3/Figure_3J_fibroblast_neutrophil_signaling_reversals.csv,2024,316e875737c654008a9dd4ad69de9dba2e77e6c611581728d9fffbbc3afb4408
source_data/earlier_figure_sources/figure4/both_comparisons_nonambient_interactions.csv,565738,2578df1958e3c0053d752516f78f16ccff93b8e105e19d3783a034fa764ee4b3
source_data/earlier_figure_sources/figure4/FAP_ablation_UMAP_coordinates_and_annotations.csv.gz,1129922,fd42ec7d0301d24b1765556c28a2c03675f97e17db58a116368e7bbf9f4a823c
source_data/earlier_figure_sources/figure4/Figure4C_miloR_summary.csv,484,471f0bfd23825cf9cfd0497453aebf77ca460063e48410a93bfb70f1cc98ff7d
source_data/earlier_figure_sources/figure4/Figure_4F_downstream_target_pathways.csv,8005,0c050aa0c303369d57a7660b28b2243cc03c221823d6e68279524b2fdd2d2816
source_data/earlier_figure_sources/figure5/figure5_umap_display_cells.csv.gz,1140636,d65fa4e12862c569e1e059085da13c46dfc4d537a64f4b299c61e8a5ce4388c6
source_data/earlier_figure_sources/figure5/Figure5C_miloR_summary.csv,393,fd255c3eceac6f331562a7c9a65ee7968538255d4cc8ff7f2144597b0b2ab064
source_data/earlier_figure_sources/figure5/neutrophil_program_scores_across_pseudotime.csv,5453,77bb0f057ddc22ef3496107688210853b56fb51794f03d77fbe822b5cac3f650
source_data/earlier_figure_sources/figure6/cross_system_neutrophil_fibroblast_evidence.csv,8039,99a8fb73dc1b4abda80f497a465330a61d66c770aa7dceff2685e8e1455a76dc
source_data/earlier_figure_sources/figure6/cross_system_pathway_evidence.csv,2365,6216bf37e928d1e6cf5cb6e0a4821cef252b16556f6c210e8c237154b982ad41
source_data/earlier_figure_sources/figure6/SCP3818_spatial_summary.csv,826,1254b14a661d57a1ecbe8c3b92858d58fe969802085906e3f6692b625ef87d13
source_data/earlier_figure_sources/figure6/taurus_uc_alpha5beta1_state_contrast_by_patient.tsv,1092,53deb301e0c7998db528f120902eeff705125dd587c244440d2807dd7052162b
source_data/earlier_figure_sources/figure6/taurus_uc_baseline_inflammation_patient_deltas.tsv,3893,646275d13ace838aab58786baca67d3047c4d08355a1369618fdea373761595c
source_data/earlier_figure_sources/figure6/taurus_uc_baseline_inflammation_statistics.tsv,691,381771ca4340f3e151576cc29cb09fef84c0984424c5fbb76338b6851f17adcd
source_data/earlier_figure_sources/figure6/taurus_uc_patient_paired_deltas.tsv,9741,daea4f850284eefb61e1038e3516efc4d75706eee21890092e12eff7f2d11943
source_data/earlier_figure_sources/human_discovery/00_key_results.tsv,5248,04ea4c3a77e1fbe63ba25ae054bd8ffb5de7d2b377ec0993451547b2e4060a41
source_data/earlier_figure_sources/human_discovery/01_sample_cell_inventory.tsv,25806,21d15d10757a7000457394e18f91269677aba130b86765dcf9bcdd61cd7d69e8
source_data/earlier_figure_sources/human_discovery/02_patient_pairing.tsv,433,785f238e8a381eeb8106ad9eac185fe8ddcabf24f747ff40771e8494a48a49f2
source_data/earlier_figure_sources/human_discovery/03_fibroblast_marker_summary.tsv,8681,e2466b2d7fee75540395e53c10bca1c66e1fc929498f15a80ebf3ba42c0709bb
source_data/earlier_figure_sources/human_discovery/04_FAP_ITGA5_ITGB1_coexpression.tsv,1507,7cfe97c6d3f0dd2aa60e3b1d69a5ca50ac737a94d09d66b7ceb965cec89c0b8e
source_data/earlier_figure_sources/human_discovery/05_fibroblast_state_abundance.tsv,16110,0dc23e1437476cfd0c9b057258b8cde4351cc88207b5a5df08da23c4a9a02f1c
source_data/earlier_figure_sources/human_discovery/06_neutrophil_state_abundance.tsv,16105,e642ce82d1d65a0292f664b755ce588907dd1c5549d1ad76ffa564e26772099a
source_data/earlier_figure_sources/human_discovery/07_fibroblast_paired_composition_tests.tsv,984,dd6a70024ecebae1af1a179d0db941519632a90d1316ba68f6b9d8c045b8d1c2
source_data/earlier_figure_sources/human_discovery/08_neutrophil_paired_composition_tests.tsv,717,945b8609178a634fdae2647ab8073fcc6a0ad8250a6c13f0b7bcd3cbdb755118
source_data/earlier_figure_sources/human_discovery/09_fibroblast_biopsy_programs.tsv,10877,b8c71a05fb5ade80759578901721e3b1b0a656157b2c2589251e3dc9ea45638c
source_data/earlier_figure_sources/human_discovery/10_neutrophil_biopsy_programs.tsv,12449,79504d4064d852b4d0771188588465d545f4cc33c175da6c8c3b5bf9472dcccf
source_data/earlier_figure_sources/human_discovery/11_paired_program_tests.tsv,2226,28953bb4fe1be9f0f6a5adc3e8a20e7eeae5a9a9fda27b7b0e6e1453abd2faac
source_data/earlier_figure_sources/human_discovery/12_fibroblast_paired_pseudobulk_DE.tsv,958170,73eec6ed2b4f7ec4e0f180ed9decffb8dfddf057654abbbc5dcd8d45426b2359
source_data/earlier_figure_sources/human_discovery/13_neutrophil_paired_pseudobulk_DE.tsv,355909,9c7b0a640bc44caa869882ea945ef0f5560deb156cf7b829abdcc1e768a8355e
source_data/earlier_figure_sources/human_discovery/14_cross_compartment_biopsy_matrix.tsv,10799,68ffabaed104f092390c9fe29b74ecdd311e1907d2a6e32c9cf5dbd369200737
source_data/earlier_figure_sources/human_discovery/15_cross_compartment_correlations.tsv,13127,9ebc17fc5c59a87c197fba6cf4c0d6a0618647147bab2f262be0295a3d986893
source_data/earlier_figure_sources/human_discovery/17_clinical_correlations.tsv,9610,435a9661fe5bb8fa31cacbde12739284c926d8fb24920d788506257043d18262
source_data/earlier_figure_sources/human_discovery/18_curated_ligand_receptor_screen.tsv,6393,ba4d4ae8113b01fd985141353c38007b06fdcf8c0739fffa28c0e4b613377755
source_data/earlier_figure_sources/human_discovery/20_exploratory_mediation.tsv,2478,6c8720c265f434cb9545df2290fae8937d2512a924fbea011e3b74f2a5c1080f
source_data/earlier_figure_sources/human_discovery/21_fibroblast_trajectory.tsv,321223,4776c6327233a9c407f50f34fabad4e105be44e40c2ee52f6e8c665c01dbc819
source_data/earlier_figure_sources/human_discovery/21_neutrophil_trajectory.tsv,4544864,db9ff9ec2c6af9a7318e4a5ec7a1868dd0b807e4dab85700a265e7eb8fd95f44
source_data/earlier_figure_sources/human_discovery/22_neutrophil_state_program_summary.tsv,1339,52085662a867aa7e3bb35f52e222720e3fd670bd17508c236620a3f936e87c86
source_data/earlier_figure_sources/supplementary/neutrophil_cleanup_audit.csv,10355,d35e6be2235ac15479ceb9af1234bed90e089aa62c179748cee515046d0454b2
source_data/earlier_figure_sources/updated_analyses/canonical_cell_counts.csv,779,832fc6a3474253570d683ea46d4b7a0b7d94d0ffbacf2b50e1f60e2681ac8ff8
source_data/earlier_figure_sources/updated_analyses/clinical_change_comparisons.csv,1868,0f7bc883cf261eba0947d9363ea9c33344a2df10b3b02cef7d9a1ff78a1a9a93
source_data/earlier_figure_sources/updated_analyses/clinical_leave_one_patient_out.csv,10548,479fe8b46cb62e21821e7d9320afe718d24e88c00b2fef4d90706200b6f9d351
source_data/earlier_figure_sources/updated_analyses/clinical_paired_patient_values.csv,8069,1fe2467a5b0e710775daf4fbce9d35612df6ff60373ebe1848d71d290b034c68
source_data/earlier_figure_sources/updated_analyses/composition_donor_contrasts.csv,12393,7e3ed84c89cadea69869e5752e5ffc2a6281f16846da09ae239a31d1e253b1b2
source_data/earlier_figure_sources/updated_analyses/composition_leave_one_donor_out.csv,3076,de57a5d2a893de66bcebf7e1ab68ad10946a1bfdb701993b72bd3f4ecf42dc46
source_data/earlier_figure_sources/updated_analyses/full_gene_competitive_program_tests.csv,8020,55b3672c81cdc10f5cea6eb3f3ce5800626e2db7c3d65feaa306e410f80c401b
source_data/earlier_figure_sources/updated_analyses/full_gene_pseudobulk_differential_expression.csv,15709794,f563919ec1c06f40a0928dacb47d833cf3492c1a60515a7b86c5cf40d6fe66d7
source_data/earlier_figure_sources/updated_analyses/original_vs_donor_variance_comparison.csv,915,46ffed1177ff0ba947a31cbce7e17294f3777155b78d3a0e85b732e91beea497
source_data/earlier_figure_sources/updated_analyses/population_program_contrasts.csv,308906,c11dea5d90e83e298cdfc7ea2f9d54e16a214470e0e908e15814fe13bcb59315
source_data/earlier_figure_sources/updated_analyses/population_program_donor_differences.csv,738876,d172a775aeff386e057ba4b92016d02abad3cdd71b50c4213095b08e1bdd8fa6
source_data/earlier_figure_sources/updated_analyses/population_program_scores.csv,338439,8eba9ceb625be646f6b23d12cef8d15c80073100154b7fd70fbf2081f6ad95dc
source_data/earlier_figure_sources/updated_analyses/program_coverage_summary.csv,387,63e39b684989c6e9b2e1d0f10e2e79c08772bf9a4cb4a1778fd8608ea10a8777
source_data/earlier_figure_sources/updated_analyses/program_gene_coverage.csv,4605,23ad4fcfc20ec5a87037be3e828c901b50956f2c013bf6d5cc1881984a4211f7
source_data/earlier_figure_sources/updated_analyses/program_reference_scaling.csv,4125,1b17131d3c9db0ffb217680c75532203fff42eb9aa04c286c5d54df587562192
source_data/earlier_figure_sources/updated_analyses/pseudobulk_program_correlation_sensitivity.csv,13428,a7147bfb6a93da58e57fe9f169c0ad63a6613c392195a6e6d67008de81a3b6d3
source_data/earlier_figure_sources/updated_analyses/recorded_pairing_sensitivity_independent_arms.csv,16266,a529f00d556b0d8d9448f0892b37057165751e6973840ccf791aa99d09cd7d86
source_data/earlier_figure_sources/updated_analyses/spatial_group_effects.csv,10368,b2107dcbf0a5d698e0d3a9907e2c32c97f41ac0098188200cce27ea0b1c29002
source_data/earlier_figure_sources/updated_analyses/spatial_leave_one_out_summary.csv,243,758dd289760305893d60d7d923d35f77872711c92c990d0e5ee9470ed06108e8
source_data/earlier_figure_sources/updated_analyses/spatial_leave_one_ROI_out.csv,8686,3c576748c2766a4c95a1629ccff32275a367b4d5f3258cd0ca41a606d412eee7
source_data/earlier_figure_sources/updated_analyses/spatial_restricted_label_tests.csv,474,281419b1dc779b703155649ef24de28540415fd4a6f1cce38cd0b189ccd9220b
source_data/earlier_figure_sources/updated_analyses/spatial_ROI_effects.csv,33718,2a0503714193e6e657700665539ecdd22334d73ee06fa6749653d75a68e35936
source_data/earlier_figure_sources/updated_analyses/spatial_sample_coverage.csv,939,4201c6849175f676acf5aec4037a3c33d5dde1ee73548dbd87be76ec8830aa94
source_data/earlier_figure_sources/updated_analyses/spatial_thresholds.csv,175,44c6dcd086479426f5c125f732af5860866e5a0b163fa2b5aaca97d0ab915ebf
source_data/earlier_figure_sources/updated_analyses/spatial_UC_pooled_effects.csv,3155,dfd398b16bc8360088aa98545c2e0e4c4d9ab71826e56c985f61bb32373b3b04
source_data/earlier_figure_sources/updated_analyses/state_program_scores.csv,410227,405f5f4e75f7a3604c79f1adcea0d3c8d99ff347657f51e8b29bf2e9d4b12fbb
source_data/earlier_figure_sources/updated_analyses/within_state_program_contrasts.csv,109685,928741f2fb0e381ef34575d4dca393fbc0881f0cec908e65325e8c84d174842a
source_data/epithelial_programs/epithelial_gene_coverage.csv,1723,2e2da32ac44f86fa53515ec412f17c1c0dac1c3a2b692fdb5d354edeca427e03
source_data/epithelial_programs/epithelial_logcpm.csv.gz,21859995,a0971cf6047d1fa6a1b233df8df0d88ecdc8227977d9eb02468c0d6f43f56bf5
source_data/epithelial_programs/epithelial_program_effects.csv,10689,a041c678515ca6deb0b37bd09853abc9fe6cfaf502c1d93f0b1f6e58e8668635
source_data/epithelial_programs/epithelial_program_scores.csv,185086,872b20e2277e56767b436f305c39d61f0f70bd57a7cb2e3850c3a9d8c624970e
source_data/epithelial_programs/epithelial_pseudobulk_counts.csv.gz,7110217,8230f12eb130c110c301128cf89b8822ce55e91831bd7cf0c4bfa9dc6cdb0497
source_data/epithelial_programs/epithelial_pseudobulk_inventory.csv,38055,379c32022dd18a8d520d2e36eec18ee0d20515bda2cd156a85c17edacffe1905
source_data/epithelial_programs/epithelial_state_composition_values.csv,5898,561d93564e758b42570e18495cf26fb54edf41e2e2808ab6c05a8f75c20fb4ef
source_data/epithelial_programs/mouse_units.csv,1146,2539342ffebb86ee0b9d74d0e9f8fe38f54eac7d3b363bf1328e94056a1fa5dc
source_data/epithelial_programs/spatial_adjusted_coefficients.csv,1009,375a5688dd3a049a7f1c9e78b00055bd2e2a6ae339cb14a9f1e6085eca61b68e
source_data/epithelial_programs/spatial_coefficients_with_eligibility.csv,1674,00c2fbdc8724894585bfde63d0dc5699dc4c50aeb6f92cdb45ea86a6812ca807
source_data/epithelial_programs/spatial_distance_function_curve.csv,303,0246fbc0deda821d8f838375aed86a9f129b53d1a3c16dce3ef8862d9d545a48
source_data/epithelial_programs/spatial_function_cell_values.csv.gz,66302,e40eb570d24f5e5d02dc86cdee8dc58296d49cd81839978a6cab53ba389a1696
source_data/epithelial_programs/spatial_outcome_gene_coverage.csv,326,18948bb910f585955f362e02207bf1145c6ef987016b0683904ac4fbc1291f22
source_data/epithelial_programs/taurus_common_patient_deltas.csv,998,7168e696180ae3783f80e250a496a4a51de27f348d77baafe0ae6bd2df0ba6ba
source_data/epithelial_programs/taurus_primary_results.csv,284,b29f734ef0ab2b2027a275c22f47ff45c32b00bc72ae2eccfba49aa49793bb12
source_data/epithelial_programs/taurus_recruitment_patient_values.csv,1664,48329c65e5221c6522f1a6991a7cc394ea43c57ead6b1ccfea9b0c40ce311322
source_data/extended_data/ED1_revision_2026-09-12/09_fibroblast_biopsy_programs.tsv,10877,b8c71a05fb5ade80759578901721e3b1b0a656157b2c2589251e3dc9ea45638c
source_data/extended_data/ED1_revision_2026-09-12/22_neutrophil_state_program_summary.tsv,1339,52085662a867aa7e3bb35f52e222720e3fd670bd17508c236620a3f936e87c86
source_data/extended_data/ED1_revision_2026-09-12/ED1b_display_z_scores.csv,1510,bbe55986c8c0482732b99e239cbd0bfcbc31da7546b76c9b7f3fd134cb0361ba
source_data/extended_data/ED1_revision_2026-09-12/fibroblast_minimum_cell_count_sensitivity.csv,3434,efd0f3728023fab834d34f8bf6480508092d9ab72ecfbb6284caa2b18723c728
source_data/extended_data/ED1_revision_2026-09-12/original_program_gene_definitions.csv,5301,7e1481fc277f198f54e047ecb97941542dd7085b402cfe505c68a7c2876105f1
source_data/extended_data/ED1_revision_2026-09-12/paired_lr_interaction_scores.csv,5769,944dcf5760e31a091bf8abab49553f0c34b4c14212e3328616b11fc12354c52a
source_data/extended_data/ED1_revision_2026-09-12/paired_lr_interaction_tests.csv,583,acbbaa8c051546ce700540ff390df9fb7eff10f7e687315f4ea618df14382ad0
source_data/extended_data/ED1_revision_2026-09-12/panel_D_all_8_program_statistics.csv,1063,7462dedcdac8e4264895e277f410495a8c0e4cef57bb0e1daea3464338ed6f28
source_data/extended_data/ED1_revision_2026-09-12/panel_D_paired_fibroblast_scores.csv,8268,b907dfa997725888d3fbc39b375b1b7badf20b13caeee296f7066a48ec2b7c43
source_data/figure_01/program_panels_2026-09-12/09_fibroblast_biopsy_programs.tsv,10877,b8c71a05fb5ade80759578901721e3b1b0a656157b2c2589251e3dc9ea45638c
source_data/figure_01/program_panels_2026-09-12/11_paired_program_tests.tsv,2226,28953bb4fe1be9f0f6a5adc3e8a20e7eeae5a9a9fda27b7b0e6e1453abd2faac
source_data/figure_01/program_panels_2026-09-12/22_neutrophil_state_program_summary.tsv,1339,52085662a867aa7e3bb35f52e222720e3fd670bd17508c236620a3f936e87c86
source_data/figure_01/program_panels_2026-09-12/all_conditions_annotation_control_inventory.csv,639,92127bd2750d1c8300d14c3c078d1a6c4de1409c241844c05924b5f143e0841d
source_data/figure_01/program_panels_2026-09-12/cells_absent_from_neutrophil_expression_object.csv,1752,80f8173eae4c8962e509edd3adc5022f3a9fa6df3090d089e9a973cc0e87faa1
source_data/figure_01/program_panels_2026-09-12/expression_reproduction_audit.csv,389,d184a24f0e398230770fbf0509596d1b50ba8724400f7ec1ab882e74c910e070
source_data/figure_01/program_panels_2026-09-12/fibroblast_minimum_cell_count_sensitivity.csv,3434,efd0f3728023fab834d34f8bf6480508092d9ab72ecfbb6284caa2b18723c728
source_data/figure_01/program_panels_2026-09-12/inflamed_UC_all_patient_state_cell_counts.csv,449,6100195b23be3d08bd4bf9a9d1247442b9a30b2fdd11c6a167e656341d34a318
source_data/figure_01/program_panels_2026-09-12/neutrophil_marker_excluded_cell_scores.csv,7552783,075ff7640268dac2cd2553e7c5c26ef70b569908857c0f58d71dbbb22852a1c3
source_data/figure_01/program_panels_2026-09-12/neutrophil_original_cell_scores.csv,7614982,67c5786a31c799a6f4eadc64339de1d385ecffc8405467c0cd6b97c6d89fa0ba
source_data/figure_01/program_panels_2026-09-12/neutrophil_original_equal_patient_means.csv,908,876c0e5ac59b38f5da37735f27059bd2dc7a595c817aa7aefd617c250f91b440
source_data/figure_01/program_panels_2026-09-12/neutrophil_original_patient_state_means.csv,8691,f969fca97e4d39549d61f2aa33108170ec39cf174dad2f964e310a310733df50
source_data/figure_01/program_panels_2026-09-12/neutrophil_program_gene_coverage.csv,2236,ac8242743890ea369f469d8d808c1b33b829e8c0a109e5d56aaf77eea6c0520a
source_data/figure_01/program_panels_2026-09-12/neutrophil_selected_gene_expression.csv,9160635,df5b8877e73ac675f9fefecef9572ff329b7881497b3d9419a460b239a4c520e
source_data/figure_01/program_panels_2026-09-12/neutrophil_threshold_and_marker_sensitivity.csv,5034,e8a251b8b3520dd3dd021ffc7004c2f2741ed817a6b630e281843a116e3ea0a8
source_data/figure_01/program_panels_2026-09-12/original_program_gene_definitions.csv,5301,7e1481fc277f198f54e047ecb97941542dd7085b402cfe505c68a7c2876105f1
source_data/figure_01/program_panels_2026-09-12/panel_D_all_8_program_statistics.csv,1063,7462dedcdac8e4264895e277f410495a8c0e4cef57bb0e1daea3464338ed6f28
source_data/figure_01/program_panels_2026-09-12/panel_D_paired_fibroblast_scores.csv,8268,b907dfa997725888d3fbc39b375b1b7badf20b13caeee296f7066a48ec2b7c43
source_data/figure_01/program_panels_2026-09-12/panel_E_all_9_program_state_tests.csv,1001,9891139ea68a47e9989f2614a11f546683c3062bc89536dbb654aaa2dc64c2cb
source_data/figure_01/program_panels_2026-09-12/panel_E_included_patient_state_cell_counts.csv,319,3b86585b3f6d534f16408a3aa00c8beb1100ef97dae5a1afe6c005d9c6969231
source_data/figure_01/program_panels_2026-09-12/panel_E_marker_excluded_equal_patient_means.csv,905,4813cc8b0e406ddd4fdc4bc87bcd857d68ff86c524923bcc4f6f0b88ad3d49b5
source_data/figure_01/program_panels_2026-09-12/panel_E_marker_excluded_patient_state_means.csv,8702,90874b0bd80a1bff7a1cfcce936793b9010dc7681981583dc5b5e548e16fcdfd
source_data/figure_01/program_panels_2026-09-12/panel_E_marker_excluded_z_scores.csv,924,6c4acfb2a2d3d30ae9a8ce3f230ea43d75aa6701c96d2d363bfdd38eb1d3717f
source_data/figure_02/neighborhoods/cell_neighborhood_assignments.csv.gz,11247403,057a7ad0e3ebe409ee55fcc4cd77b06283cf505faa1ddb6ce9e31ece2c8e7c8a
source_data/figure_02/neighborhoods/neighborhood_profiles.csv,4992,ebf8c0ad8c44a4c3291952ebf2e2b891c8ef4c4536feabc6ab02eae66fb8f694
source_data/figure_02/neighborhoods/patient_occupancy_tests.csv,7331,08ac69e206f571e2819e840e0e38339166a6c1d06101b47a4849e524eab6c521
source_data/figure_02/neighborhoods/region_coverage.csv,1026,fcf25fc39efcfea2ad7fe7426640ba63125f98acf9b2bad7485f7a9166be5f7a
source_data/figure_02/neighborhoods/region_neighborhood_occupancy.csv,16318,640d694c066ea9ec8ec145283b64715faa5f1e539517ef2880c89cb550886dd6
source_data/figure_02/posterior_gate/coverage.csv,1650,7d76245314bba86d5c90cc838de843512f315352b65acae7fadd6cb43e71d4ef
source_data/figure_02/posterior_gate/fibroblast_posterior_assignments.csv,4215215,6f8711dfc26ef6f3146d17b8de450fdb12d80516c4840d57fbf47ff2b42f03b0
source_data/figure_02/posterior_gate/gate_by_patient.csv,1666,036d38d6eb99fdba0cf8e839176ca4e0b282c9fa388591eb1d766dafb05a263d
source_data/figure_02/posterior_gate/patient_proximity_effects.csv,19345,ea2f444cf371afd512eed30b847686091f0f83ae4adf05a685c08d7e643fb32b
source_data/figure_02/posterior_gate/spatial_block_values.csv,109056,dd5b6a5685c8690f85574d3d9a057e59b4cb3d82db583876aeccc24a86d244ff
source_data/figure_02/posterior_gate/UC_four_proximity_tests.csv,3078,a48ccb47eaadebb9a2e25e8404655f5837a72b55a743093c0fa277a956d6d8c3
source_data/figure_02/quartile_proximity/fibroblast_permutation_strata.csv,899793,90af384dfefe639b9f95acf9f488aa65d54cea0d1322cc9af4d7bd602efceed3
source_data/figure_02/quartile_proximity/patient_proximity.csv,10832,8d65a5ad1f0009457f13394fad5420e05770f1c9ea2fbdc406fa3e7cfff78d42
source_data/figure_02/quartile_proximity/proximity_tests.csv,3421,40825f41b79c33dc21a4a83219b7131af2045c30a77c6df2e67bd1b4d4e54d8d
source_data/figure_03/Canonical_FACS_RNA_2026-09-07/Figure3c_FACS_BH45.csv,10334,10f7e5aed2c0d995d741449d9807161542251c5a67dfff2a60d3c81efd3dec2b
source_data/figure_03/Canonical_FACS_RNA_2026-09-07/Figure3g_prior_targets.csv,703,abb032908685de6abcb1cbcdf396ced083a93bf4b822d55361f198205fb20ab7
source_data/figure_03/Canonical_FACS_RNA_2026-09-07/Figure_3e_source_data.csv,2463,7ea56802552a4df9bc43939edc965c415888b7dd04ec061346a3c5a725f333cd
source_data/figure_03/Canonical_FACS_RNA_2026-09-07/Figure_3e_statistics.csv,338,19c49a81c0d6dfad9910a913bb23d948ecc6d672826d124df900e2c6d65fa087
source_data/figure_03/Canonical_FACS_RNA_2026-09-07/Ligand_module_gene_support.csv,23598,a8b05be9915db68ffc42c2506028ccdb3f494feb78e9c25401d19276792e39bc
source_data/figure_03/Canonical_FACS_RNA_2026-09-07/Ligand_module_scores.csv,2638,6882cbbf762393828a495039f125d9f83a4ccf3beaba410a25929926121761a8
source_data/figure_03/Canonical_FACS_RNA_2026-09-07/Representative_event_audit.csv,3624,0b250fef99143a86ac266115e36d6aa0479c25e96b284a3a1483f8f69782777e
source_data/figure_03/Canonical_FACS_RNA_2026-09-07/Representative_sample_selection.csv,1041,d7c42040b5255a01baadf8f476c02603fba58284f9c82c61053a841a2e27e67b
source_data/figure_03/Canonical_FACS_RNA_2026-09-07/RNA_module_effects_BH30.csv,6598,c2a32eae9f958c267ab7b3030ffbda5b09cc04effffc9edd5ab8668a29abf4ba
source_data/figure_03/Canonical_FACS_RNA_2026-09-07/RNA_module_gene_membership.csv,2136,8b603b90bebb0b7c48f42b77a14c5d311166e9dd5895899e7f095326f2ac0325
source_data/figure_03/FACS_Canonical_BH/Culture_and_blockade_effect_summary.csv,10553,0d8944c7923d7b7528ac4a95b0f752b9f67521a8f7ecfebb41f5b0cb12d5c1a4
source_data/figure_03/FACS_Canonical_BH/Sample_column_key.csv,756,f2d9ed16d3753a04a2798611f065bde9cedf1a752ac413fa463e24e91cac2a6c
source_data/figure_03/FACS_Canonical_BH/Significance_annotations.csv,5314,f41b03ee639a309accb2c917d572ad0a7ae94affbb7ad8e0d93952f5a238371b
source_data/figure_03/FACS_Canonical_BH/Within_marker_z_scores.csv,4917,97db9f0753f5ce8ae47ec872a9275fe7bd8acf574c2d5e512f6c2fc37214f199
source_data/figure_03/Figure_3_program_source_data.csv,12188,d5db7875b2194f6ae37f12030f8ce3d918f0c02d4c76ac254ef26ef047949706
source_data/figure_03/Figure_3e_donor_expression.csv,1542,8d6b36e205906c44bcb586db29efd21bfc56d839d9dbe2f7936f4ca445c136e2
source_data/figure_03/Figure_3e_paired_effects.csv,353,747c8e45cfe13b9256e2042613cb19c4e44d975856d15d4c37b243242cd750b1
source_data/figure_04/Figures4_5_Level3_annotation_audit.csv,650,befa48309bc40a3a58f979c77cf7b0b96b1bc31c2c87e5e159b6d233198d1f29
source_data/figure_05/Figure_5E_selected_interactions.csv,10901,3ea4582d1bc87f32b3377524d1b1aa79126360672316a54ed1c03d62fbba7950
source_data/figure_05/Figure_5F_downstream_target_pathways.csv,8910,e2742901d1e03897485e4f8fadb867e992297a9acc784e1ce20a3d384427ce34
source_data/figure_05/Figure_5F_ligand_target_evidence.csv,150026,ea0759991e155674854c851dabd0feafeac0cec8f0fdef9a1850db62bf311d3e
source_data/figure_05/Figures4_5_Level3_annotation_audit.csv,650,befa48309bc40a3a58f979c77cf7b0b96b1bc31c2c87e5e159b6d233198d1f29
source_data/figure_05/layout_2026-09-21/Displayed_summary_reconstruction.csv,2188,038d4e2620d1d29d54f323638dca36672897305d677e3951ceb55d9ebfc82dbd
source_data/figure_05/layout_2026-09-21/Visible_marker_reconstruction.csv,32326,6b918c3be554a31b098de3c5c39e7ef9445e65c8129ef28a491885b02a0a615f
source_data/figure_05/neutrophil_program_scores_across_pseudotime.csv,5453,77bb0f057ddc22ef3496107688210853b56fb51794f03d77fbe822b5cac3f650
source_data/figure_06/epithelial_panels_2026-09-21/All_39_genes_row_zscores.csv,18267,83e156b8da932734433dcfaeedad29ddcb2be18271949ded6368fb36455a48db
source_data/figure_06/epithelial_panels_2026-09-21/All_39_genes_stored_counts.csv,4473,93389d2fd7c935a3ec2db115247455288ffc9c1d5ecdb6f8462e2262c3ec06bb
source_data/figure_06/epithelial_panels_2026-09-21/All_39_genes_stored_log2_CPM.csv,16133,f313486533e93906aa6b50fa566b8ed323abc020d5200984041765af669fa1cb
source_data/figure_06/epithelial_panels_2026-09-21/Gene_detection_by_group.csv,1304,e8e50c2412da5b2a18db2c856dc44626c4568c3fac416db2f879ec6990adf6b5
source_data/figure_06/epithelial_panels_2026-09-21/Panel_E_mouse_inventory.csv,2078,e222171098cf3cc273414b1455cc76156ef2d7373ba889ac77992a9a1f25171c
source_data/figure_06/epithelial_panels_2026-09-21/Panel_F_display_group_means.csv,283,5553dc49436c2b41aca0deb1a522c0d9fca9419902d802923ce8a77510c17a34
source_data/figure_06/epithelial_panels_2026-09-21/Panel_F_existing_mouse_program_scores.csv,2032,238cb3a81997c9b893bfe83fa882ef3dd59bb8f34fb00a7671422666b1afbb16
source_data/figure_06/epithelial_programs_2026-09-07/epithelial_gene_coverage.csv,1723,2e2da32ac44f86fa53515ec412f17c1c0dac1c3a2b692fdb5d354edeca427e03
source_data/figure_06/epithelial_programs_2026-09-07/epithelial_program_effects.csv,10689,a041c678515ca6deb0b37bd09853abc9fe6cfaf502c1d93f0b1f6e58e8668635
source_data/figure_06/epithelial_programs_2026-09-07/epithelial_program_scores.csv,185086,872b20e2277e56767b436f305c39d61f0f70bd57a7cb2e3850c3a9d8c624970e
source_data/figure_06/epithelial_programs_2026-09-07/epithelial_pseudobulk_inventory.csv,38055,379c32022dd18a8d520d2e36eec18ee0d20515bda2cd156a85c17edacffe1905
source_data/figure_06/epithelial_programs_2026-09-07/epithelial_state_composition_values.csv,5898,561d93564e758b42570e18495cf26fb54edf41e2e2808ab6c05a8f75c20fb4ef
source_data/figure_06/epithelial_programs_2026-09-07/mouse_units.csv,1146,2539342ffebb86ee0b9d74d0e9f8fe38f54eac7d3b363bf1328e94056a1fa5dc
source_data/figure_06/Figure_6_compartment_recovery_source.csv,1394,cc1e1b72b0d9a55ef3e409d9e9625028774795ca3665a22a1f2d25f88cf8b9d7
source_data/figure_06/Figure_6_Level3_display_source.csv,2155,ee4b8ebe8a28acada0074f5015d6174e1731669458f235f580ac6aea25b18289
source_data/figure_06/Figure_6_MultiNicheNet_route_display_source.csv,1383,9c20757d447d519e016e7b023fcce3c06095f1e1f54d4e2979247ca85e7b7d23
source_data/figure_07/receptor_availability_2026-09-07/receptor_biopsy_scores.csv,29328,d06f982ec6a09118886569e7119fad13d32fa5b5a43f0242115f15b38c7bb36d
source_data/figure_07/receptor_availability_2026-09-07/receptor_effects.csv,686,e56a99b73fe3024b89ef2f4c818e939acfe823dc5885f14cdd28a4b219e8ea0d
source_data/figure_07/receptor_availability_2026-09-07/receptor_patient_differences.csv,2037,6f641be7cbaa44027d80c55f2eeb5958df4e0c6adf3265a512f9effe93a6ac23
source_data/mouse_comparison/inputs/a5B1_blockade_miloR_summary.csv,393,fd255c3eceac6f331562a7c9a65ee7968538255d4cc8ff7f2144597b0b2ab064
source_data/mouse_comparison/inputs/a5B1_blockade_MultiNicheNet_eligibility.csv,1197,7f5ae240367ec2b409af026d11bb626dee9d47ad934710aa63f176f31629e0d3
source_data/mouse_comparison/inputs/a5B1_blockade_MultiNicheNet_nonambient.csv,616244,8401f088104a057e32b6285938b7528347d8bd0d017f92f0c38e5dd9230f185a
source_data/mouse_comparison/inputs/FAP_ablation_miloR_summary.csv,484,471f0bfd23825cf9cfd0497453aebf77ca460063e48410a93bfb70f1cc98ff7d
source_data/mouse_comparison/inputs/FAP_ablation_MultiNicheNet_eligibility.csv,744,5bb3563774de5e9abd54099606c5434012205f9db9169a04f9a5311873810f22
source_data/mouse_comparison/inputs/FAP_ablation_MultiNicheNet_nonambient.csv,565738,2578df1958e3c0053d752516f78f16ccff93b8e105e19d3783a034fa764ee4b3
source_data/mouse_comparison/inputs/included_sample_units.csv,6511,b45540a694396e2dbd0b6b17790ca28d0673a6f7dd309cdc91b44a0b536a17b1
source_data/mouse_comparison/inputs/sample_level_remodeling_fractions.csv,690796,dd014b52d99599a0ebade2c17ac080f84a9d5994c6fc459849eac35f923e6e2a
source_data/mouse_comparison/results/differential_abundance_intervention_comparison.csv,16096,e5f08e490e2df90f6f4dc52bc37e2b23d3354c5e39abe1e1d1fddd66c48f0cf1
source_data/mouse_comparison/results/differential_abundance_mouse_level_primary.csv,23692,5951151bfd164f96baaf20d7be7baf0db5809de1adffa7063179803eda2a2b4c
source_data/mouse_comparison/results/differential_abundance_sensitivity_min200_cells.csv,23881,e097ac4f4f9a34178a92339f682067c83a6c8c2ea40871f8b42b37f64f3a2a19
source_data/mouse_comparison/results/miloR_neighborhood_remodeling_overview.csv,726,b37870f7f4f616e1944aa7bdcb7df4240145b21aeb0fdc62c58f2648f3920fc8
source_data/mouse_comparison/results/MultiNicheNet_all_matched_interactions.csv,131440,a92c4c0c24f7b37812c53b0d1b0cc13a95255f8c8254c6f00ec6fbcc4d681fd0
source_data/mouse_comparison/results/MultiNicheNet_concordantly_attenuated_ranked.csv,95316,95d9b68165072301684cdf09062960991e30e311f972d447191cf811bcfd991d
source_data/mouse_comparison/results/MultiNicheNet_disease_induced_core.csv,97445,5127800178f2619dee9bdd8c634c29378aab812e683270e54d1521d333301d54
source_data/mouse_flow/08-mouse-MFI-FDR/MFI_group_summary.csv,8940,4426c65b5e7ba2524ff84a05736f19a3b9078113b85ebaee343216b2c4451518
source_data/mouse_flow/08-mouse-MFI-FDR/Mouse_group_annotations.csv,124,b9569bd64ca97b4a706cd8f4cdb1a473fab5d3e73c7b162214aabfdd7d3af99c
source_data/mouse_flow/08-mouse-MFI-FDR/Neutrophil_sample_MFI.csv,35372,82e4605822eca1058968269e2ec50c9851f53e2fb0077a5d2bf5fccb392cc042
source_data/mouse_flow/08-mouse-MFI-FDR/Omnibus_Kruskal_Wallis_FDR.csv,2196,da750b1cf28536d0450ce1231f5f35caa71d1f4d11c571a1200d5d2454be2d03
source_data/mouse_flow/08-mouse-MFI-FDR/Pairwise_Mann_Whitney_FDR.csv,27828,2b80e43fc00592419c82facbc99ec14741ad56aef5851c7a56504ceee6f0ed2a
source_data/mouse_flow/08-mouse-MFI-FDR/Within_context_MFI_FDR.csv,4510,2c9292c96bb5500606103f2a1f7f71ed51057bf4aa440cd2caf6577387844ba0
source_data/mouse_flow/09-DSS-neutrophil-comparison/All_comparisons_Mann_Whitney_FDR.csv,127230,8cb93449ea05252a92f1f908667e96da248a9d372874a1b5bde373f5313b3dc4
source_data/mouse_flow/09-DSS-neutrophil-comparison/Exploratory_subset_MFI_comparisons.csv,109584,2a60519e46c1787155b3fed4c2ced0c79c4945f67d51a827a4662e05b2f375fd
source_data/mouse_flow/09-DSS-neutrophil-comparison/Fixed_FMO_thresholds.csv,914,e01aaa1efdb7094c7f15b1a4b2b5994fbfff0ce2c68b78a8c1964b5f0b2de209
source_data/mouse_flow/09-DSS-neutrophil-comparison/Primary_comparisons.csv,17846,fb8db5cdc31401d627cfec27ba7b131ea031571f2d7b50ed0a52ba7ceec0f7d4
source_data/mouse_flow/09-DSS-neutrophil-comparison/Saved_gate_parent_frequencies.csv,21798,eedccd1dcf20a07a05c2227abd12b6270f26005ecd5727a0397e48a7d6f6ceb1
source_data/mouse_flow/09-DSS-neutrophil-comparison/Subset_frequencies_per_mouse.csv,39309,e7871db5c7bed18829dd4e2c70a99cd26b7db9b0abef8a2b184d1867ede925f9
source_data/mouse_flow/09-DSS-neutrophil-comparison/Subset_marker_MFI_per_mouse.csv,501758,4e413d16a1306ebe90908c6149476d7a7ff2171b2697c60b97f3b13a29df0b51
source_data/taurus/taurus_uc_activated_fap_abundance.tsv,9977,8ee1f55b83f45d12b6bfa5ba6f1a9fa6c26491a95fa29ea5b9fdea144dd18f3c
source_data/taurus/taurus_uc_alpha5beta1_state_contrast_by_biopsy.tsv,3865,b84cfe5fe2de3a5ebb285b040a8599adaa6d91148d7bde9ecedfa6cc9585dec4
source_data/taurus/taurus_uc_alpha5beta1_state_contrast_by_patient.tsv,1092,53deb301e0c7998db528f120902eeff705125dd587c244440d2807dd7052162b
source_data/taurus/taurus_uc_alpha5beta1_state_contrast_statistics.tsv,101,b09190690ade986505f8ccdbecd0d2a7a9e98426f549ef1104758444368f6ae3
source_data/taurus/taurus_uc_baseline_cross_compartment.tsv,1326,afcd8123fd2e095a2d95287e668d4c5b6d08b446f51b40b7674b0231c0925aa8
source_data/taurus/taurus_uc_baseline_cross_compartment_by_biopsy.tsv,2480,4a2ac60dfd75d94efeb3d1184c3e22efef13ba6a088bdd2eca8709a02be6c0a1
source_data/taurus/taurus_uc_baseline_inflammation_patient_deltas.tsv,3893,646275d13ace838aab58786baca67d3047c4d08355a1369618fdea373761595c
source_data/taurus/taurus_uc_baseline_inflammation_statistics.tsv,691,381771ca4340f3e151576cc29cb09fef84c0984424c5fbb76338b6851f17adcd
source_data/taurus/taurus_uc_cross_compartment_statistics.tsv,166,d88186e0e366892562067bde0c980e583db5974977437555abcf64c4196e8909
source_data/taurus/taurus_uc_fibroblast_sample_scores.tsv,16235,91833ad031c5de833abd79a5cb788315456cc342d16e3152f956395a146a9f4d
source_data/taurus/taurus_uc_longitudinal_statistics.tsv,2209,f37e1c859435c0727fa4a8d3bf6096e82fb3af82accfd4ca87fce0d12a940ceb
source_data/taurus/taurus_uc_myeloid_sample_scores.tsv,11587,a7a0bb4b7132f981005b39410bff36f2a8c27917b8a584ecc000e139e634814a
source_data/taurus/taurus_uc_patient_baseline_scores.tsv,8255,5bbc85b0f4d0c3be447b5418fcb8b92c398021a984e8903eae21d0f60c1ee343
source_data/taurus/taurus_uc_patient_paired_deltas.tsv,9741,daea4f850284eefb61e1038e3516efc4d75706eee21890092e12eff7f2d11943
source_data/taurus/taurus_uc_site_matched_deltas.tsv,23036,6ad7ef98e6a21db0f066ba1bcab04f229f525f294332e5d0834ea1e2395695a1
source_data/taurus_receptors/cross_compartment_adjusted_associations.csv,703,7f1befc9e7b488eec99a564c0ebfca0a5f98148811d4b7d44bf994566d71cce0
source_data/taurus_receptors/epi_UC_targeted_cells.csv.gz,24532726,5be66c9929924a7afc39c327ada7a5e1c47b27aec472f52400a0a4ba0026e40c
source_data/taurus_receptors/epithelial_biopsy_scores.csv,8633,2faa3c205e96e70983b5414046d5c6c7cf3a2efc717d078b1469cc889d240230
source_data/taurus_receptors/epithelial_patient_differences.csv,1167,9664cf79f8649e7ae05627fa2e0577ce147afb2724cf8f24d3d8bc61ba3b00ef
source_data/taurus_receptors/epithelial_program_effects.csv,672,32c7e95aef8f35e237687b2ded3b8786f5f7bd2198b411d0e19b3a24e93f7b70
source_data/taurus_receptors/fib_metadata.csv,39525885,cc5d9471269960c690a9358a8a5173201ecf4df07cbdd15b098869373edf8e0a
source_data/taurus_receptors/fib_UC_targeted_cells.csv.gz,4298854,1a2b6351a80a4bd36f7347cdef80255bfd8b7746053f46247aaa17267985ac3e
source_data/taurus_receptors/matched_fibroblast_epithelial_biopsies.csv,8950,52aa61a2382964b6a247818ff190ca90bc0b5500d92c9e3a7dd2a946997f5971
source_data/taurus_receptors/receptor_biopsy_scores.csv,29328,d06f982ec6a09118886569e7119fad13d32fa5b5a43f0242115f15b38c7bb36d
source_data/taurus_receptors/receptor_effects.csv,686,e56a99b73fe3024b89ef2f4c818e939acfe823dc5885f14cdd28a4b219e8ea0d
source_data/taurus_receptors/receptor_patient_differences.csv,2037,6f641be7cbaa44027d80c55f2eeb5958df4e0c6adf3265a512f9effe93a6ac23
tables/Supplementary_Table_1_CODEX_Markers.csv,3449,838f7d4d4d16b79b9556f73a3fa78b7ce46861af8e307a491ab8dbd59b160e91
tables/Supplementary_Table_1_CODEX_Markers.docx,41696,dcd117426d0361b9c93b026b252260d790cfd0b3e5a1120a55b0507d957839da
tables/Supplementary_Table_2_Analytical_Populations.csv,1632,aaa8d399e022ed22893a266660c40de877f5d7dfeef3b59c3ed914343af85ebb
tools/assemble_figures.py,841,61eafa8a5cda49649b8b77a9002c77feb24ae2a072789eefc67616a2adcfb19c
tools/validate_repository.py,2178,484de48a2c5ff3fd542b2bdf489b7fd778b0c55f327dd1d3c6126acddb286297
