family,feature,min_cells,contrast,n_per_arm,effect,low,high,p,q
Canonical composition,CXCR4 neutrophil,0,alpha_interaction,6,-0.908202401393953,-1.75425121700381,-0.0621535857840926,0.0380250170974377,0.0507000227965837
Canonical composition,MX1/ISG neutrophil,0,alpha_interaction,6,-0.83434218215413,-1.50511421686381,-0.163570147444448,0.0177918722520057,0.0355837445040115
Canonical composition,OSM neutrophil,0,alpha_interaction,6,0.44596141884567,-0.147069450135563,1.0389922878269,0.128317649568203,0.128317649568203
Canonical composition,PADI4 neutrophil,0,alpha_interaction,6,1.29658316470241,0.356222695915672,2.23694363348914,0.0110698933912198,0.0355837445040115
Canonical composition,CXCR4 neutrophil,0,alpha_in_UC,6,-0.34126249578896,-0.767560564106238,0.0850355725283175,0.10165592360617,0.135541231474894
Canonical composition,MX1/ISG neutrophil,0,alpha_in_UC,6,0.284146940095497,-0.299686906387557,0.867980786578551,0.302157105140305,0.302157105140305
Canonical composition,OSM neutrophil,0,alpha_in_UC,6,-0.395178845428588,-0.86518119490156,0.0748235040443842,0.0873023748630575,0.135541231474894
Canonical composition,PADI4 neutrophil,0,alpha_in_UC,6,0.452294401122045,0.109169138062464,0.795419664181626,0.0154681111646769,0.0618724446587076
Canonical composition,CXCR4 neutrophil,20,alpha_interaction,4,-1.04835995236544,-1.57223514658368,-0.524484758147192,0.001084390775637,0.00433756310254799
Canonical composition,MX1/ISG neutrophil,20,alpha_interaction,4,-1.11900141973005,-1.83596048752748,-0.402042351932614,0.00626309641224217,0.00888040591621928
Canonical composition,OSM neutrophil,20,alpha_interaction,4,0.576226500810779,-0.234956783128299,1.38740978474986,0.125274170027404,0.125274170027404
Canonical composition,PADI4 neutrophil,20,alpha_interaction,4,1.5911348712847,0.591717205904631,2.59055253666476,0.00666030443716446,0.00888040591621928
Canonical composition,CXCR4 neutrophil,20,alpha_in_UC,5,-0.151657887934595,-0.448579012285152,0.145263236415962,0.272692129633223,0.36358950617763
Canonical composition,MX1/ISG neutrophil,20,alpha_in_UC,5,-0.0211850226488919,-0.43115174209392,0.388781696796136,0.907626997274526,0.907626997274526
Canonical composition,OSM neutrophil,20,alpha_in_UC,5,-0.22747147773311,-0.572292927366141,0.117349971899922,0.166643608549024,0.333287217098047
Canonical composition,PADI4 neutrophil,20,alpha_in_UC,5,0.400314388316588,-0.0210752808550939,0.82170405748827,0.0595902717739584,0.238361087095833
Canonical composition,CXCR4 neutrophil,50,alpha_interaction,3,-1.18647488720172,-1.86417617090969,-0.508773603493747,0.0054377783855476,0.0108755567710952
Canonical composition,MX1/ISG neutrophil,50,alpha_interaction,3,-1.1709815351678,-2.23628144931042,-0.105681621025176,0.0365105643130438,0.0486807524173917
Canonical composition,OSM neutrophil,50,alpha_interaction,3,0.316213396874447,-0.510607245952049,1.14303403970094,0.320004796796017,0.320004796796017
Canonical composition,PADI4 neutrophil,50,alpha_interaction,3,2.04124302549505,1.32365205944926,2.75883399154084,0.000200442107536984,0.000801768430147935
Canonical composition,CXCR4 neutrophil,50,alpha_in_UC,5,-0.151657887934595,-0.448579012285152,0.145263236415962,0.272692129633223,0.36358950617763
Canonical composition,MX1/ISG neutrophil,50,alpha_in_UC,5,-0.0211850226488919,-0.43115174209392,0.388781696796136,0.907626997274526,0.907626997274526
Canonical composition,OSM neutrophil,50,alpha_in_UC,5,-0.22747147773311,-0.572292927366141,0.117349971899922,0.166643608549024,0.333287217098047
Canonical composition,PADI4 neutrophil,50,alpha_in_UC,5,0.400314388316588,-0.0210752808550939,0.82170405748827,0.0595902717739584,0.238361087095833
Full-gene program,CXCR4_aging_retention,0,alpha_interaction,6,-0.900214488449786,-1.14428537439811,-0.656143602501457,7.31712281707561e-07,5.12198597195293e-06
Full-gene program,Chemotaxis,0,alpha_interaction,6,-0.713567028589187,-0.893239902864795,-0.533894154313579,3.28048354489911e-07,4.59267696285876e-06
Full-gene program,Degranulation,0,alpha_interaction,6,-0.0374055874152109,-0.187487182765935,0.112676007935514,0.596935225961097,0.596935225961097
Full-gene program,ER_stress,0,alpha_interaction,6,-0.345390852365126,-0.543398818826749,-0.147382885903504,0.00333476507145949,0.00933734220008656
Full-gene program,Hypoxia_glycolysis,0,alpha_interaction,6,-0.15136155146109,-0.323469729763291,0.0207466268411109,0.0779783773058336,0.0992452074801518
Full-gene program,Immature_granulopoiesis,0,alpha_interaction,6,0.152579208165396,-0.0124089117410418,0.317567328071833,0.0667851791235198,0.0934992507729278
Full-gene program,Integrin_adhesion,0,alpha_interaction,6,-0.448116556988498,-0.801079713785524,-0.0951534001914727,0.0204285032202959,0.0357498806355179
Full-gene program,NETosis,0,alpha_interaction,6,-0.203056442045609,-0.34203289195631,-0.0640799921349079,0.00691804667930901,0.013836093358618
Full-gene program,OSM_inflammation,0,alpha_interaction,6,-0.511160103846036,-0.787164111157384,-0.235156096534688,0.00121222810879518,0.00424279838078314
Full-gene program,Oxidative_burst,0,alpha_interaction,6,-0.509364594104743,-0.93161720988871,-0.0871119783207771,0.0242716531408182,0.0377559048857172
Full-gene program,Phagocytosis,0,alpha_interaction,6,-0.717108602793028,-0.998913156247815,-0.435304049338241,0.000173862633130515,0.000811358954609068
Full-gene program,Proliferation_stress,0,alpha_interaction,6,-0.0748794170658343,-0.205282248001873,0.0555234138702043,0.226987779435646,0.244448377853772
Full-gene program,Survival_antiapoptosis,0,alpha_interaction,6,-0.475348796978464,-0.763622044892204,-0.187075549064724,0.00497496869332012,0.0116082602844136
Full-gene program,Type_I_interferon,0,alpha_interaction,6,-0.0880405100324063,-0.194779491840793,0.0186984717759804,0.0949601823006372,0.110786879350743
Full-gene program,CXCR4_aging_retention,0,alpha_in_UC,6,-0.233446814005553,-0.413783377211488,-0.0531102507996178,0.0188693359061623,0.136780297482637
Full-gene program,Chemotaxis,0,alpha_in_UC,6,-0.182381824978235,-0.325079035871332,-0.0396846140851369,0.0195400424975196,0.136780297482637
Full-gene program,Degranulation,0,alpha_in_UC,6,0.0350179584970381,-0.0558985487331992,0.125934465727275,0.377447975176324,0.635760914087285
Full-gene program,ER_stress,0,alpha_in_UC,6,-0.0425091861105322,-0.232776962260025,0.14775859003896,0.600094413521883,0.745264744857437
Full-gene program,Hypoxia_glycolysis,0,alpha_in_UC,6,-0.0196668275164361,-0.119929847345472,0.0805961923125997,0.638798352734946,0.745264744857437
Full-gene program,Immature_granulopoiesis,0,alpha_in_UC,6,0.0675329724732903,-0.0369798416526788,0.172045786599259,0.163909108715542,0.573681880504396
Full-gene program,Integrin_adhesion,0,alpha_in_UC,6,-0.0662543633260836,-0.184387053179565,0.0518783265273973,0.218013632773279,0.610438171765182
Full-gene program,NETosis,0,alpha_in_UC,6,-0.006928893749295,-0.0939136442268931,0.0800558567283031,0.854723896664769,0.865488719038668
Full-gene program,OSM_inflammation,0,alpha_in_UC,6,-0.0867059398278635,-0.312817645280408,0.139405765624681,0.408703444770398,0.635760914087285
Full-gene program,Oxidative_burst,0,alpha_in_UC,6,-0.0680299738002861,-0.222979156175381,0.0869192085748086,0.339233275704164,0.635760914087285
Full-gene program,Phagocytosis,0,alpha_in_UC,6,-0.117777457097004,-0.273844598105575,0.0382896839115678,0.117647445149985,0.54902141069993
Full-gene program,Proliferation_stress,0,alpha_in_UC,6,-0.00343313572983708,-0.0503052805584746,0.0434390090988005,0.865488719038668,0.865488719038668
Full-gene program,Survival_antiapoptosis,0,alpha_in_UC,6,-0.050269734354273,-0.178191189393044,0.0776517206844975,0.387742875979423,0.635760914087285
Full-gene program,Type_I_interferon,0,alpha_in_UC,6,0.0152710153233719,-0.0307922722912601,0.0613343029380038,0.474899908951,0.6648598725314
Full-gene program,CXCR4_aging_retention,20,alpha_interaction,4,-0.780759166188162,-1.07659687376983,-0.484921458606491,0.000160000723110912,0.00112000506177639
Full-gene program,Chemotaxis,20,alpha_interaction,4,-0.640264774087517,-0.850699945861147,-0.429829602313887,5.4889938238279e-05,0.000768459135335905
Full-gene program,Degranulation,20,alpha_interaction,4,0.00590414150205606,-0.201103934343875,0.212912217347987,0.936407647748245,0.936407647748245
Full-gene program,ER_stress,20,alpha_interaction,4,-0.398297315309298,-0.57330526985692,-0.223289360761676,0.00110294036374456,0.00386029127310596
Full-gene program,Hypoxia_glycolysis,20,alpha_interaction,4,-0.177553336199707,-0.291744872807821,-0.0633617995915926,0.00718273775566474,0.015710421027894
Full-gene program,Immature_granulopoiesis,20,alpha_interaction,4,0.175366128937231,-0.0285771128633317,0.379309370737794,0.0753009430152635,0.105421320221369
Full-gene program,Integrin_adhesion,20,alpha_interaction,4,-0.276861394464826,-0.458265549450282,-0.0954572394793692,0.00785521051394701,0.015710421027894
Full-gene program,NETosis,20,alpha_interaction,4,-0.116566302624241,-0.272790612393048,0.0396580071445663,0.12236114556231,0.155732367079304
Full-gene program,OSM_inflammation,20,alpha_interaction,4,-0.393935848082912,-0.692137325275307,-0.0957343708905178,0.0148999808113972,0.0260749664199451
Full-gene program,Oxidative_burst,20,alpha_interaction,4,-0.291490581330517,-0.530747566395046,-0.0522335962659868,0.0225865152562851,0.0351345792875546
Full-gene program,Phagocytosis,20,alpha_interaction,4,-0.599869321025827,-0.860697477414501,-0.339041164637154,0.000583188568585299,0.00272154665339806
Full-gene program,Proliferation_stress,20,alpha_interaction,4,-0.0141246368710781,-0.0644056101927089,0.0361563364505527,0.502711098781439,0.541381183303088
Full-gene program,Survival_antiapoptosis,20,alpha_interaction,4,-0.363222443778236,-0.594443125233288,-0.132001762323183,0.00617027010621315,0.015710421027894
Full-gene program,Type_I_interferon,20,alpha_interaction,4,-0.0395190173540559,-0.109454571399761,0.0304165366916489,0.234684971108176,0.273799132959538
Full-gene program,CXCR4_aging_retention,20,alpha_in_UC,5,-0.17814274966483,-0.361549724900118,0.00526422557045919,0.0548685933885911,0.256053435813425
Full-gene program,Chemotaxis,20,alpha_in_UC,5,-0.136515676476041,-0.291855303316784,0.0188239503647017,0.0735530045970855,0.257435516089799
Full-gene program,Degranulation,20,alpha_in_UC,5,0.0626996053451998,0.0452829644648276,0.080116246225572,3.74454827458398e-05,0.000524236758441757
Full-gene program,ER_stress,20,alpha_in_UC,5,-0.106630203772458,-0.248737796923102,0.0354773893781873,0.113925790643436,0.318992213801622
Full-gene program,Hypoxia_glycolysis,20,alpha_in_UC,5,0.0113307501918701,-0.0803011683632044,0.102962668746945,0.753477760815163,0.753477760815163
Full-gene program,Immature_granulopoiesis,20,alpha_in_UC,5,0.0964678839963538,0.0387667736768188,0.154168994315889,0.00648815632849008,0.0454170942994306
Full-gene program,Integrin_adhesion,20,alpha_in_UC,5,-0.0445929602345342,-0.184134214539778,0.0949482940707099,0.445552556291303,0.646733691588255
Full-gene program,NETosis,20,alpha_in_UC,5,0.023668220891113,-0.0654554069840996,0.112791848766326,0.525429390535067,0.646733691588255
Full-gene program,OSM_inflammation,20,alpha_in_UC,5,-0.0734347214089509,-0.324457672719389,0.177588229901488,0.514316625623172,0.646733691588255
Full-gene program,Oxidative_burst,20,alpha_in_UC,5,-0.0473573581127813,-0.242547488182992,0.14783277195743,0.554343164218505,0.646733691588255
Full-gene program,Phagocytosis,20,alpha_in_UC,5,-0.100094326623615,-0.300484294435207,0.100295641187977,0.257088619615157,0.5998734457687
Full-gene program,Proliferation_stress,20,alpha_in_UC,5,0.0114057448149647,-0.0288054951239004,0.0516169847538298,0.518837370704497,0.646733691588255
Full-gene program,Survival_antiapoptosis,20,alpha_in_UC,5,-0.05393893292302,-0.218149902848088,0.110272037002048,0.452015772144329,0.646733691588255
Full-gene program,Type_I_interferon,20,alpha_in_UC,5,0.00607607143812452,-0.033955598258012,0.046107741134261,0.728135816655034,0.753477760815163
Full-gene program,CXCR4_aging_retention,50,alpha_interaction,3,-0.774028099752918,-1.14419661757161,-0.403859581934224,0.00175054682197801,0.0122538277538461
Full-gene program,Chemotaxis,50,alpha_interaction,3,-0.619338977039527,-0.844363977517713,-0.394313976561341,0.000621626665730401,0.00870277332022561
Full-gene program,Degranulation,50,alpha_interaction,3,0.0369166927685275,-0.288849811547785,0.36268319708484,0.689162728109812,0.689162728109812
Full-gene program,ER_stress,50,alpha_interaction,3,-0.415906077035845,-0.630219556293888,-0.201592597777802,0.00513964484227144,0.01798875694795
Full-gene program,Hypoxia_glycolysis,50,alpha_interaction,3,-0.153427158301593,-0.282548346792141,-0.024305969811045,0.0295820898040141,0.0563355299638185
Full-gene program,Immature_granulopoiesis,50,alpha_interaction,3,0.219726489142159,-0.0495495452539924,0.489002523538311,0.076231464726532,0.106724050617145
Full-gene program,Integrin_adhesion,50,alpha_interaction,3,-0.284360646415023,-0.494316934517919,-0.0744043583121269,0.0176369611747534,0.0493834912893095
Full-gene program,NETosis,50,alpha_interaction,3,-0.107704729847092,-0.317274293737678,0.101864834043495,0.238126090284966,0.303069569453593
Full-gene program,OSM_inflammation,50,alpha_interaction,3,-0.409424618181872,-0.770789216520172,-0.0480600198435716,0.0321917314078963,0.0563355299638185
Full-gene program,Oxidative_burst,50,alpha_interaction,3,-0.272240434515688,-0.565916089103816,0.0214352200724404,0.0630217992979127,0.0980339100189754
Full-gene program,Phagocytosis,50,alpha_interaction,3,-0.588823954586532,-0.90870373353491,-0.268944175638155,0.00470679750828597,0.01798875694795
Full-gene program,Proliferation_stress,50,alpha_interaction,3,0.00631726511339024,-0.0239908518882999,0.0366253821150804,0.633394799147952,0.682117476005487
Full-gene program,Survival_antiapoptosis,50,alpha_interaction,3,-0.36667502709511,-0.661436096117584,-0.0719139580726367,0.0223296332526555,0.0521024775895294
Full-gene program,Type_I_interferon,50,alpha_interaction,3,-0.0290756680397956,-0.10916317993027,0.0510118438506787,0.414688099831835,0.48380278313714
Full-gene program,CXCR4_aging_retention,50,alpha_in_UC,5,-0.17814274966483,-0.361549724900118,0.00526422557045919,0.0548685933885911,0.256053435813425
Full-gene program,Chemotaxis,50,alpha_in_UC,5,-0.136515676476041,-0.291855303316784,0.0188239503647017,0.0735530045970855,0.257435516089799
Full-gene program,Degranulation,50,alpha_in_UC,5,0.0626996053451998,0.0452829644648276,0.080116246225572,3.74454827458398e-05,0.000524236758441757
Full-gene program,ER_stress,50,alpha_in_UC,5,-0.106630203772458,-0.248737796923102,0.0354773893781873,0.113925790643436,0.318992213801622
Full-gene program,Hypoxia_glycolysis,50,alpha_in_UC,5,0.0113307501918701,-0.0803011683632044,0.102962668746945,0.753477760815163,0.753477760815163
Full-gene program,Immature_granulopoiesis,50,alpha_in_UC,5,0.0964678839963538,0.0387667736768188,0.154168994315889,0.00648815632849008,0.0454170942994306
Full-gene program,Integrin_adhesion,50,alpha_in_UC,5,-0.0445929602345342,-0.184134214539778,0.0949482940707099,0.445552556291303,0.646733691588255
Full-gene program,NETosis,50,alpha_in_UC,5,0.023668220891113,-0.0654554069840996,0.112791848766326,0.525429390535067,0.646733691588255
Full-gene program,OSM_inflammation,50,alpha_in_UC,5,-0.0734347214089509,-0.324457672719389,0.177588229901488,0.514316625623172,0.646733691588255
Full-gene program,Oxidative_burst,50,alpha_in_UC,5,-0.0473573581127813,-0.242547488182992,0.14783277195743,0.554343164218505,0.646733691588255
Full-gene program,Phagocytosis,50,alpha_in_UC,5,-0.100094326623615,-0.300484294435207,0.100295641187977,0.257088619615157,0.5998734457687
Full-gene program,Proliferation_stress,50,alpha_in_UC,5,0.0114057448149647,-0.0288054951239004,0.0516169847538298,0.518837370704497,0.646733691588255
Full-gene program,Survival_antiapoptosis,50,alpha_in_UC,5,-0.05393893292302,-0.218149902848088,0.110272037002048,0.452015772144329,0.646733691588255
Full-gene program,Type_I_interferon,50,alpha_in_UC,5,0.00607607143812452,-0.033955598258012,0.046107741134261,0.728135816655034,0.753477760815163
