program,gene,in_full,in_reduced,identity_marker
NETosis,PADI4,TRUE,TRUE,TRUE
NETosis,MPO,TRUE,TRUE,FALSE
NETosis,ELANE,TRUE,TRUE,FALSE
NETosis,PRTN3,TRUE,FALSE,FALSE
NETosis,CTSG,TRUE,TRUE,FALSE
NETosis,AZU1,TRUE,TRUE,FALSE
NETosis,CYBB,TRUE,TRUE,FALSE
NETosis,NCF1,TRUE,FALSE,FALSE
NETosis,NCF2,TRUE,FALSE,FALSE
NETosis,S100A8,TRUE,TRUE,FALSE
NETosis,S100A9,TRUE,TRUE,FALSE
Degranulation,LTF,TRUE,TRUE,FALSE
Degranulation,BPI,TRUE,TRUE,FALSE
Degranulation,CAMP,TRUE,TRUE,FALSE
Degranulation,LCN2,TRUE,TRUE,FALSE
Degranulation,MMP8,TRUE,TRUE,FALSE
Degranulation,MMP9,TRUE,FALSE,FALSE
Degranulation,OLFM4,TRUE,TRUE,FALSE
Degranulation,CEACAM8,TRUE,TRUE,FALSE
Degranulation,FCGR3B,TRUE,TRUE,FALSE
Oxidative_burst,CYBB,TRUE,TRUE,FALSE
Oxidative_burst,CYBA,TRUE,FALSE,FALSE
Oxidative_burst,NCF1,TRUE,FALSE,FALSE
Oxidative_burst,NCF2,TRUE,FALSE,FALSE
Oxidative_burst,NCF4,TRUE,FALSE,FALSE
Oxidative_burst,RAC2,TRUE,FALSE,FALSE
Oxidative_burst,MPO,TRUE,TRUE,FALSE
Phagocytosis,FCGR3B,TRUE,TRUE,FALSE
Phagocytosis,FCGR2A,TRUE,FALSE,FALSE
Phagocytosis,ITGAM,TRUE,FALSE,FALSE
Phagocytosis,ITGB2,TRUE,FALSE,FALSE
Phagocytosis,FPR1,TRUE,TRUE,FALSE
Phagocytosis,FPR2,TRUE,FALSE,FALSE
Phagocytosis,C5AR1,TRUE,TRUE,FALSE
Phagocytosis,TREM1,TRUE,FALSE,FALSE
Phagocytosis,SYK,TRUE,FALSE,FALSE
Phagocytosis,LYN,TRUE,FALSE,FALSE
Chemotaxis,CXCR1,TRUE,FALSE,FALSE
Chemotaxis,CXCR2,TRUE,FALSE,FALSE
Chemotaxis,CXCR4,TRUE,TRUE,TRUE
Chemotaxis,FPR1,TRUE,TRUE,FALSE
Chemotaxis,FPR2,TRUE,FALSE,FALSE
Chemotaxis,C5AR1,TRUE,TRUE,FALSE
Chemotaxis,CCR1,TRUE,TRUE,FALSE
Chemotaxis,CCRL2,TRUE,FALSE,FALSE
OSM_inflammation,OSM,TRUE,TRUE,TRUE
OSM_inflammation,IL1B,TRUE,TRUE,FALSE
OSM_inflammation,TNF,TRUE,TRUE,FALSE
OSM_inflammation,NFKBIA,TRUE,TRUE,FALSE
OSM_inflammation,CXCL8,TRUE,TRUE,FALSE
OSM_inflammation,CCL3,TRUE,TRUE,FALSE
OSM_inflammation,CCL4,TRUE,TRUE,FALSE
OSM_inflammation,IL1R2,TRUE,TRUE,FALSE
OSM_inflammation,SOCS3,TRUE,TRUE,FALSE
Type_I_interferon,MX1,TRUE,TRUE,TRUE
Type_I_interferon,ISG15,TRUE,TRUE,FALSE
Type_I_interferon,IFIT1,TRUE,TRUE,FALSE
Type_I_interferon,IFIT2,TRUE,TRUE,FALSE
Type_I_interferon,IFIT3,TRUE,TRUE,FALSE
Type_I_interferon,IFI6,TRUE,TRUE,FALSE
Type_I_interferon,OAS1,TRUE,TRUE,FALSE
Type_I_interferon,OAS2,TRUE,TRUE,FALSE
Type_I_interferon,OASL,TRUE,TRUE,FALSE
Type_I_interferon,RSAD2,TRUE,TRUE,FALSE
Type_I_interferon,IRF7,TRUE,TRUE,FALSE
Type_I_interferon,STAT1,TRUE,TRUE,FALSE
Immature_granulopoiesis,LTF,TRUE,TRUE,FALSE
Immature_granulopoiesis,BPI,TRUE,TRUE,FALSE
Immature_granulopoiesis,CAMP,TRUE,TRUE,FALSE
Immature_granulopoiesis,LCN2,TRUE,TRUE,FALSE
Immature_granulopoiesis,OLFM4,TRUE,TRUE,FALSE
Immature_granulopoiesis,CEACAM8,TRUE,TRUE,FALSE
Immature_granulopoiesis,DEFA4,TRUE,TRUE,FALSE
Immature_granulopoiesis,MS4A3,TRUE,TRUE,FALSE
Survival_antiapoptosis,BCL2A1,TRUE,FALSE,FALSE
Survival_antiapoptosis,MCL1,TRUE,FALSE,FALSE
Survival_antiapoptosis,BCL2L1,TRUE,FALSE,FALSE
Survival_antiapoptosis,CFLAR,TRUE,FALSE,FALSE
Survival_antiapoptosis,FAS,TRUE,FALSE,FALSE
Survival_antiapoptosis,BAX,TRUE,FALSE,FALSE
Survival_antiapoptosis,BBC3,TRUE,FALSE,FALSE
Survival_antiapoptosis,CASP3,TRUE,FALSE,FALSE
Hypoxia_glycolysis,HIF1A,TRUE,FALSE,FALSE
Hypoxia_glycolysis,SLC2A1,TRUE,TRUE,FALSE
Hypoxia_glycolysis,HK2,TRUE,FALSE,FALSE
Hypoxia_glycolysis,PFKP,TRUE,FALSE,FALSE
Hypoxia_glycolysis,ALDOA,TRUE,FALSE,FALSE
Hypoxia_glycolysis,GAPDH,TRUE,FALSE,FALSE
Hypoxia_glycolysis,PGK1,TRUE,FALSE,FALSE
Hypoxia_glycolysis,LDHA,TRUE,TRUE,FALSE
Hypoxia_glycolysis,ENO1,TRUE,TRUE,FALSE
ER_stress,XBP1,TRUE,TRUE,FALSE
ER_stress,ATF4,TRUE,TRUE,FALSE
ER_stress,DDIT3,TRUE,FALSE,FALSE
ER_stress,HSPA5,TRUE,TRUE,FALSE
ER_stress,HERPUD1,TRUE,FALSE,FALSE
ER_stress,DNAJB9,TRUE,FALSE,FALSE
ER_stress,ERO1A,TRUE,FALSE,FALSE
Proliferation_stress,MKI67,TRUE,TRUE,FALSE
Proliferation_stress,PCNA,TRUE,FALSE,FALSE
Proliferation_stress,TYMS,TRUE,TRUE,FALSE
Proliferation_stress,DHFR,TRUE,TRUE,FALSE
Proliferation_stress,TUBA1B,TRUE,TRUE,FALSE
Proliferation_stress,STMN1,TRUE,TRUE,FALSE
Integrin_adhesion,ITGA5,TRUE,FALSE,FALSE
Integrin_adhesion,ITGB1,TRUE,TRUE,FALSE
Integrin_adhesion,ITGAM,TRUE,FALSE,FALSE
Integrin_adhesion,ITGB2,TRUE,FALSE,FALSE
Integrin_adhesion,SELPLG,TRUE,FALSE,FALSE
Integrin_adhesion,ICAM1,TRUE,FALSE,FALSE
CXCR4_aging_retention,CXCR4,TRUE,TRUE,TRUE
CXCR4_aging_retention,SELL,TRUE,TRUE,FALSE
CXCR4_aging_retention,FCGR3B,TRUE,TRUE,FALSE
CXCR4_aging_retention,PECAM1,TRUE,FALSE,FALSE
CXCR4_aging_retention,C5AR1,TRUE,TRUE,FALSE
CXCR4_aging_retention,BCL2A1,TRUE,FALSE,FALSE
