iteration,marker,effect
1,CXCR4,0.0355943120251826
2,CXCR4,0.0585092534211909
3,CXCR4,0.0796959011265755
4,CXCR4,0.0678645374882644
5,CXCR4,0.0496579575147142
6,CXCR4,0.103053454640544
7,CXCR4,0.00560422407559969
8,CXCR4,0.0756142964772878
9,CXCR4,0.0104511049219302
10,CXCR4,0.0642496828776972
11,CXCR4,0.0960519849143507
12,CXCR4,0.0302090164922093
13,CXCR4,0.038238573650775
14,CXCR4,0.0742957380704528
15,CXCR4,0.0828140831020159
16,CXCR4,0.0751496009089346
17,CXCR4,0.0815060679637501
18,CXCR4,0.0368070060157622
19,CXCR4,0.0535380312784268
20,CXCR4,0.0913628365591657
21,CXCR4,0.0299281434990324
22,CXCR4,0.061844791371331
23,CXCR4,0.0570750534998621
24,CXCR4,0.0611086189522087
25,CXCR4,0.0889482501798671
26,CXCR4,0.0388560316092623
27,CXCR4,0.091458651732604
28,CXCR4,0.0672944864826814
29,CXCR4,0.0757693466223872
30,CXCR4,0.0669506479402809
31,CXCR4,0.0697798646555859
32,CXCR4,0.0439192289413798
33,CXCR4,0.0866963072177545
34,CXCR4,0.0132093122139148
35,CXCR4,0.0523505387801729
36,CXCR4,0.0857140307940705
37,CXCR4,0.0216428514225315
38,CXCR4,0.0518948936039372
39,CXCR4,0.0584869920436247
40,CXCR4,0.0487952051847122
41,CXCR4,0.0828621221553264
42,CXCR4,0.079744589099981
43,CXCR4,0.0580500286193754
44,CXCR4,0.0401837015053689
45,CXCR4,0.0707113569849986
46,CXCR4,0.101065762459991
47,CXCR4,0.0764543871339963
48,CXCR4,0.0196756095662124
49,CXCR4,0.103311482849186
50,CXCR4,0.0730880527045538
51,CXCR4,0.0504856458319404
52,CXCR4,0.0726270279224383
53,CXCR4,0.0705980490156672
54,CXCR4,0.0347894442697978
55,CXCR4,0.0513875843994154
56,CXCR4,0.0916270067102085
57,CXCR4,0.0411193053850693
58,CXCR4,0.0713437792762242
59,CXCR4,0.0477980452130611
60,CXCR4,0.0999046698229031
61,CXCR4,0.0384237380444497
62,CXCR4,0.0696148143119185
63,CXCR4,0.081745308454226
64,CXCR4,0.0895362321745506
65,CXCR4,0.0887763311088822
66,CXCR4,0.0411174867578939
67,CXCR4,0.0724629214430161
68,CXCR4,0.0310565542771614
69,CXCR4,0.0424183919540482
70,CXCR4,0.0693094820001726
71,CXCR4,0.0752420278624204
72,CXCR4,0.07191426958977
73,CXCR4,0.0365122656753041
74,CXCR4,0.0451049694165841
75,CXCR4,0.0853429382492962
76,CXCR4,0.0616816268403293
77,CXCR4,0.0977057487456325
78,CXCR4,0.0761916656971496
79,CXCR4,0.0637004012035455
80,CXCR4,0.0882877793496509
81,CXCR4,0.0554388872317247
82,CXCR4,0.0481931919256238
83,CXCR4,0.0694791506365595
84,CXCR4,0.0364418647162609
85,CXCR4,0.0624479630127556
86,CXCR4,0.0693274183380826
87,CXCR4,0.0560577008512284
88,CXCR4,0.0746760516716906
89,CXCR4,0.0729593457812399
90,CXCR4,0.0428813095969888
91,CXCR4,0.0610523094958644
92,CXCR4,0.0858113411350004
93,CXCR4,0.0433344602910041
94,CXCR4,0.0743758762937319
95,CXCR4,0.0812726562736123
96,CXCR4,0.0165468901518669
97,CXCR4,0.0719107230511804
98,CXCR4,0.094827989649512
99,CXCR4,0.0227016933116829
100,CXCR4,0.021346891553718
101,CXCR4,0.0998444569766361
102,CXCR4,0.0428483107799621
103,CXCR4,0.0665682440524508
104,CXCR4,0.0514548455329604
105,CXCR4,0.0700584335236029
106,CXCR4,0.085324497632371
107,CXCR4,0.100437513662505
108,CXCR4,0.0449105952697448
109,CXCR4,0.0907630996104483
110,CXCR4,0.0319220623955122
111,CXCR4,0.0857997143422565
112,CXCR4,0.0586934162544208
113,CXCR4,0.0627287157137837
114,CXCR4,0.0827950240513507
115,CXCR4,0.0696192249764728
116,CXCR4,0.0941390127084967
117,CXCR4,0.126010810579955
118,CXCR4,0.0822331609605918
119,CXCR4,0.0391880273257599
120,CXCR4,0.0585333865350031
121,CXCR4,0.0711549282804652
122,CXCR4,0.0678075120601469
123,CXCR4,0.0918402759189763
124,CXCR4,0.088789288277287
125,CXCR4,0.0925897420377161
126,CXCR4,0.0499773683121774
127,CXCR4,0.0464733563759562
128,CXCR4,0.0952360985033316
129,CXCR4,0.0642834343976328
130,CXCR4,0.0331866634419258
131,CXCR4,0.04905673809643
132,CXCR4,0.0710018299262281
133,CXCR4,0.00961255294538505
134,CXCR4,0.0401123764339858
135,CXCR4,0.0799646069346614
136,CXCR4,0.0419992190640974
137,CXCR4,0.052449224190096
138,CXCR4,0.0462968975227871
139,CXCR4,0.0508763178564258
140,CXCR4,0.0562707121824808
141,CXCR4,0.0805810308190332
142,CXCR4,0.0618728219689379
143,CXCR4,0.0768092388168597
144,CXCR4,0.0237690804113504
145,CXCR4,0.0394863681528176
146,CXCR4,0.0881197545313351
147,CXCR4,0.0791940400077529
148,CXCR4,0.0610329403152184
149,CXCR4,0.0619933787851845
150,CXCR4,0.0703935072557521
151,CXCR4,0.0287003225509972
152,CXCR4,0.0912092618495091
153,CXCR4,0.0576468214619467
154,CXCR4,0.0506316317953285
155,CXCR4,0.0601583895248307
156,CXCR4,0.0603013101545556
157,CXCR4,0.0589319527764394
158,CXCR4,0.0450220960913445
159,CXCR4,0.0289354827311054
160,CXCR4,0.0803304681252263
161,CXCR4,0.0647194899217075
162,CXCR4,0.0674908158285786
163,CXCR4,0.0793895979121326
164,CXCR4,0.0443777074169182
165,CXCR4,0.0644890763676902
166,CXCR4,0.0252366145465673
167,CXCR4,0.0312354785337587
168,CXCR4,0.0925563044296176
169,CXCR4,0.0747905992037908
170,CXCR4,0.0787091181102142
171,CXCR4,0.0563101164606983
172,CXCR4,0.03978675330926
173,CXCR4,0.0343354943858451
174,CXCR4,0.0847976294762767
175,CXCR4,0.0717540539869392
176,CXCR4,0.0490033244577751
177,CXCR4,0.0312501897279813
178,CXCR4,0.0258871254658183
179,CXCR4,0.0712719411526966
180,CXCR4,0.0444555192129176
181,CXCR4,0.0735969231624659
182,CXCR4,0.0527081098935963
183,CXCR4,0.0606405533565515
184,CXCR4,0.0567991584963723
185,CXCR4,0.0438181378365985
186,CXCR4,0.0496942759196325
187,CXCR4,0.0695263992445664
188,CXCR4,0.0631800871764235
189,CXCR4,0.058237234235121
190,CXCR4,0.0392226727070763
191,CXCR4,0.0830451861589097
192,CXCR4,0.0320381260756543
193,CXCR4,0.0230192358061571
194,CXCR4,0.0433724621922685
195,CXCR4,0.0474653871112052
196,CXCR4,0.0505497887806515
197,CXCR4,0.0339141544881475
198,CXCR4,0.0877424941276924
199,CXCR4,0.0825260074690321
200,CXCR4,0.0910059675112234
201,CXCR4,0.0370535954002334
202,CXCR4,0.0671244715546368
203,CXCR4,0.0501241083414977
204,CXCR4,0.00349273476112637
205,CXCR4,0.0595668768445494
206,CXCR4,0.0243887150214458
207,CXCR4,0.0360801243968273
208,CXCR4,0.0248214692468884
209,CXCR4,0.0617712506435625
210,CXCR4,0.0712536384513632
211,CXCR4,0.047354218646931
212,CXCR4,0.0364057167618135
213,CXCR4,0.0590090464536877
214,CXCR4,0.0613676660741996
215,CXCR4,0.0310774297195993
216,CXCR4,0.0568653482768667
217,CXCR4,0.0476604118665854
218,CXCR4,0.0976957454704123
219,CXCR4,0.0735360269782495
220,CXCR4,0.105748650357503
221,CXCR4,0.0542719543205606
222,CXCR4,0.0472925891400237
223,CXCR4,0.041666936387385
224,CXCR4,0.0885874197438155
225,CXCR4,0.112319897220009
226,CXCR4,0.0713362572321059
227,CXCR4,0.0435940418268266
228,CXCR4,0.0279407418409672
229,CXCR4,0.0301424845686185
230,CXCR4,0.0217892073759128
231,CXCR4,0.0879787499494642
232,CXCR4,0.0566072178572971
233,CXCR4,0.0869973586951347
234,CXCR4,0.0623221689637376
235,CXCR4,0.0424996511681784
236,CXCR4,0.069091515711
237,CXCR4,0.0448123638719139
238,CXCR4,0.0998466881202807
239,CXCR4,0.0755162873108133
240,CXCR4,0.0558739151550792
241,CXCR4,0.0959228412175718
242,CXCR4,0.07796302442432
243,CXCR4,0.0701273296491189
244,CXCR4,0.0858780771522054
245,CXCR4,0.0773637418014645
246,CXCR4,0.0998202312082512
247,CXCR4,0.0126313301211207
248,CXCR4,0.0459409935575526
249,CXCR4,0.0496071604403805
250,CXCR4,0.0604776059334714
251,CXCR4,0.033829752681802
252,CXCR4,0.0325616980585729
253,CXCR4,0.0737631126897368
254,CXCR4,0.0849092068767255
255,CXCR4,0.0369368175469126
256,CXCR4,0.081029524708521
257,CXCR4,0.0765350412780642
258,CXCR4,0.0353892138399015
259,CXCR4,0.0743413713429723
260,CXCR4,0.104672497218603
261,CXCR4,0.0928754225540597
262,CXCR4,0.0144824382287201
263,CXCR4,0.113672548413374
264,CXCR4,0.0693662350712466
265,CXCR4,0.0489937565439354
266,CXCR4,0.0601178343367698
267,CXCR4,0.0578091112930965
268,CXCR4,0.0332833486884949
269,CXCR4,0.0697518848240794
270,CXCR4,0.0591486336745145
271,CXCR4,0.122057114289127
272,CXCR4,0.0358897482206062
273,CXCR4,0.074072188900666
274,CXCR4,0.0696428057907711
275,CXCR4,0.0633575304648488
276,CXCR4,0.0467598810064368
277,CXCR4,0.0682859493470687
278,CXCR4,0.0514828552026998
279,CXCR4,0.0455686435766238
280,CXCR4,0.0415326734764521
281,CXCR4,0.0383644694002338
282,CXCR4,0.0742558686072155
283,CXCR4,0.0375030028370376
284,CXCR4,0.0626031255693631
285,CXCR4,0.0713304704746628
286,CXCR4,0.0441954869973513
287,CXCR4,0.0446706644209214
288,CXCR4,0.0770511967839221
289,CXCR4,0.0737933972386234
290,CXCR4,0.0618523911219527
291,CXCR4,0.0501467905578594
292,CXCR4,0.0837354776532427
293,CXCR4,0.0145073111605708
294,CXCR4,0.0263911310780322
295,CXCR4,0.014061798951361
296,CXCR4,0.0328725973214628
297,CXCR4,0.0974425004114954
298,CXCR4,0.0528812265493169
299,CXCR4,0.0516984624188864
300,CXCR4,0.0916284092597382
301,CXCR4,0.0634991719020936
302,CXCR4,0.0650841032878958
303,CXCR4,0.0191528604067121
304,CXCR4,0.0482660902475546
305,CXCR4,0.0409821175146335
306,CXCR4,0.100695155341784
307,CXCR4,0.143235202049214
308,CXCR4,0.0988308660211611
309,CXCR4,0.0805711514434111
310,CXCR4,0.0843558653060913
311,CXCR4,0.0842466521886639
312,CXCR4,0.0372101041140265
313,CXCR4,0.0365279875906725
314,CXCR4,0.109007283416005
315,CXCR4,0.0380102375353102
316,CXCR4,0.0348353916879861
317,CXCR4,0.0395295552858314
318,CXCR4,0.0407693850836665
319,CXCR4,0.0477220584799687
320,CXCR4,0.0850673606196597
321,CXCR4,0.044942814289607
322,CXCR4,0.0700164365630858
323,CXCR4,0.0344840812278078
324,CXCR4,0.0328891305335626
325,CXCR4,0.0344429493145416
326,CXCR4,0.1052907957539
327,CXCR4,0.0774127857092371
328,CXCR4,0.102451573139084
329,CXCR4,0.0588675573205742
330,CXCR4,0.0657116493151105
331,CXCR4,0.0759480426330308
332,CXCR4,0.0711388006688781
333,CXCR4,0.0419481836101704
334,CXCR4,0.0565753653251935
335,CXCR4,0.0140965215738708
336,CXCR4,0.0567674702972484
337,CXCR4,0.049438743621868
338,CXCR4,0.0567303860745724
339,CXCR4,0.0483214083460721
340,CXCR4,0.0218027503386767
341,CXCR4,0.0462669199890102
342,CXCR4,0.0713044106835066
343,CXCR4,-0.00822836517492079
344,CXCR4,0.029345656408916
345,CXCR4,0.0650365065386182
346,CXCR4,0.0296463322736516
347,CXCR4,0.102201714400435
348,CXCR4,0.0349343231387088
349,CXCR4,0.0959126760984089
350,CXCR4,0.0654158390111692
351,CXCR4,0.0726651295035589
352,CXCR4,0.0694315300468808
353,CXCR4,0.0716854554880688
354,CXCR4,0.0597416239842098
355,CXCR4,0.0600439188723587
356,CXCR4,0.0744413843942009
357,CXCR4,0.0697900325978115
358,CXCR4,0.0552837235237232
359,CXCR4,0.0557147233757234
360,CXCR4,0.0747809467530383
361,CXCR4,0.0463386223554742
362,CXCR4,0.0890000058224126
363,CXCR4,0.0714541531241759
364,CXCR4,0.0376738768826835
365,CXCR4,0.0566222196295221
366,CXCR4,0.0564891011560794
367,CXCR4,0.0563368183215154
368,CXCR4,0.0643522120361079
369,CXCR4,0.0556275567741477
370,CXCR4,0.0660258340000936
371,CXCR4,0.0434935873979686
372,CXCR4,0.0831792362965333
373,CXCR4,0.0539157046854072
374,CXCR4,0.0440891594441268
375,CXCR4,0.0654099262255435
376,CXCR4,0.0812161504648069
377,CXCR4,0.0915000889140987
378,CXCR4,0.0686971225229539
379,CXCR4,0.0627547768863208
380,CXCR4,0.0735228638805967
381,CXCR4,0.0342630216567216
382,CXCR4,0.0879998635375109
383,CXCR4,0.0551437939614552
384,CXCR4,0.0716639224167578
385,CXCR4,0.0508362992646189
386,CXCR4,0.0617085244486173
387,CXCR4,0.0160098372573314
388,CXCR4,0.0940879734569025
389,CXCR4,0.0594260681591615
390,CXCR4,0.0807743699782396
391,CXCR4,0.0927154900882654
392,CXCR4,0.0789014307312585
393,CXCR4,0.0616403479763765
394,CXCR4,0.0207078297393594
395,CXCR4,0.0368752712157885
396,CXCR4,0.0613448801357789
397,CXCR4,0.0531910092448088
398,CXCR4,0.048840408373577
399,CXCR4,0.00634939572041136
400,CXCR4,0.0675331115023705
401,CXCR4,0.0378940328042554
402,CXCR4,0.085394402772232
403,CXCR4,0.0770119555813737
404,CXCR4,0.0873339260609293
405,CXCR4,0.0974651383143982
406,CXCR4,0.0564541983196833
407,CXCR4,0.0595975670549814
408,CXCR4,0.0778492387562865
409,CXCR4,0.048199882363269
410,CXCR4,0.0118160258427526
411,CXCR4,0.0570089485458109
412,CXCR4,0.0687694621607927
413,CXCR4,0.0840614596416056
414,CXCR4,0.0375367736304179
415,CXCR4,0.082652399063881
416,CXCR4,0.100592378343625
417,CXCR4,0.0903813384568426
418,CXCR4,0.0702994031114131
419,CXCR4,0.0888621767343404
420,CXCR4,0.0163718295382628
421,CXCR4,0.0413436623508252
422,CXCR4,0.0451812067427951
423,CXCR4,0.0469907274118421
424,CXCR4,0.0616016182972958
425,CXCR4,0.0330884923525715
426,CXCR4,0.0641395854829037
427,CXCR4,0.0333650677367798
428,CXCR4,0.0687346908836069
429,CXCR4,0.0400947108935492
430,CXCR4,0.0410922062342024
431,CXCR4,0.0647227564152929
432,CXCR4,0.0487482766446317
433,CXCR4,0.0716299491640561
434,CXCR4,0.0169821040893675
435,CXCR4,0.0499742326480779
436,CXCR4,0.0468764717901028
437,CXCR4,0.0522228483092932
438,CXCR4,0.0652502304472489
439,CXCR4,0.0233566852606236
440,CXCR4,0.0526744157924065
441,CXCR4,0.0567506436280352
442,CXCR4,0.059403495244722
443,CXCR4,0.0776679675322654
444,CXCR4,0.043165994033774
445,CXCR4,0.0573598745471472
446,CXCR4,0.0458040962609442
447,CXCR4,0.00804502429383387
448,CXCR4,0.0714554034990648
449,CXCR4,0.049492517333279
450,CXCR4,0.0510087613930201
451,CXCR4,0.0239981688594804
452,CXCR4,0.0552891307390226
453,CXCR4,0.0387548313213417
454,CXCR4,0.0690002196414885
455,CXCR4,0.108867830892695
456,CXCR4,0.082067791153865
457,CXCR4,0.0482666725454627
458,CXCR4,0.0429141610370107
459,CXCR4,0.0097031138058429
460,CXCR4,0.0844858642409831
461,CXCR4,0.0769387542257427
462,CXCR4,0.0841579683342568
463,CXCR4,0.100306396434174
464,CXCR4,0.0455351136310661
465,CXCR4,0.0536959655177262
466,CXCR4,0.0351614914444292
467,CXCR4,0.0643417244458484
468,CXCR4,0.115666360533263
469,CXCR4,0.0543000537231468
470,CXCR4,0.0632635242565975
471,CXCR4,0.0704515438808637
472,CXCR4,0.0700564278778687
473,CXCR4,0.022738965293344
474,CXCR4,0.0869620630289789
475,CXCR4,0.0347551252054683
476,CXCR4,0.0922155215367597
477,CXCR4,0.0518377545870254
478,CXCR4,0.0514110141153032
479,CXCR4,0.0278685659462975
480,CXCR4,0.0940584900215145
481,CXCR4,0.072713121058996
482,CXCR4,0.0441227652889863
483,CXCR4,0.0491995319072618
484,CXCR4,0.057106586373767
485,CXCR4,0.0748511125952372
486,CXCR4,0.0722299660948097
487,CXCR4,0.103121540555672
488,CXCR4,0.0783505968968675
489,CXCR4,0.0137763711721488
490,CXCR4,0.0225580636890763
491,CXCR4,0.0766501180610613
492,CXCR4,0.0653186329996477
493,CXCR4,0.0514558119546754
494,CXCR4,0.0720190867660256
495,CXCR4,0.0832157934895205
496,CXCR4,0.0511935482093175
497,CXCR4,0.0921849415548921
498,CXCR4,0.0333099148816802
499,CXCR4,0.0780885562967894
1,OSM,0.0212883170101917
2,OSM,0.0628220577987207
3,OSM,0.0585014493088118
4,OSM,0.0499957421382815
5,OSM,0.0223625854707245
6,OSM,0.067736342074895
7,OSM,0.00608555390625879
8,OSM,0.0750161269072486
9,OSM,0.000647431140357667
10,OSM,0.0545127887154197
11,OSM,0.0970758077296417
12,OSM,0.025488459997838
13,OSM,0.0218411066004785
14,OSM,0.0570896853370188
15,OSM,0.0672210588715162
16,OSM,0.0736524975339036
17,OSM,0.0681226885106997
18,OSM,0.030385431339765
19,OSM,0.0514368448998351
20,OSM,0.0559635053084234
21,OSM,0.0209568726095015
22,OSM,0.0459808552105721
23,OSM,0.0402494943364911
24,OSM,0.0512452259391481
25,OSM,0.0788499800370753
26,OSM,0.00244178251281378
27,OSM,0.0849801003620531
28,OSM,0.0282724480257592
29,OSM,0.0464748257345446
30,OSM,0.069146321745948
31,OSM,0.100380628811983
32,OSM,0.0335254261427555
33,OSM,0.0473708983792069
34,OSM,0.00988658924113696
35,OSM,0.0318704136440335
36,OSM,0.0591909197517197
37,OSM,0.00679358598761717
38,OSM,0.041494244045158
39,OSM,0.0507964531829043
40,OSM,0.039143545970191
41,OSM,0.0489382166311194
42,OSM,0.0621471126453249
43,OSM,0.0440345460966269
44,OSM,0.0273540316766654
45,OSM,0.0615342562153266
46,OSM,0.105663748857962
47,OSM,0.0685344003722699
48,OSM,0.0271256353654382
49,OSM,0.09562612805614
50,OSM,0.0553354032492448
51,OSM,0.0459568203812013
52,OSM,0.0756330202378872
53,OSM,0.0626612382392333
54,OSM,0.0295828743107304
55,OSM,0.0255016424955855
56,OSM,0.0891836933733158
57,OSM,0.0459453679286453
58,OSM,0.0615743876275062
59,OSM,0.0326240820370871
60,OSM,0.0866520837800348
61,OSM,0.0225035494717768
62,OSM,0.064161950821702
63,OSM,0.0539141517614405
64,OSM,0.069795731512357
65,OSM,0.0908202037437574
66,OSM,0.0469590965648626
67,OSM,0.0750417108346381
68,OSM,0.0389867343623493
69,OSM,0.0386858711438417
70,OSM,0.0531144962472728
71,OSM,0.0568791222836856
72,OSM,0.0351345265243982
73,OSM,0.013941371580316
74,OSM,0.0443785296023241
75,OSM,0.0792093856702958
76,OSM,0.0577790538859173
77,OSM,0.0801186036438313
78,OSM,0.0668278839564448
79,OSM,0.0676208969184825
80,OSM,0.0462228913548324
81,OSM,0.0508153962750239
82,OSM,0.0241463310721279
83,OSM,0.0618758995991031
84,OSM,0.0288043720400115
85,OSM,0.0271295458425545
86,OSM,0.0534063336125109
87,OSM,0.0396335584388212
88,OSM,0.055914563062136
89,OSM,0.0437380738853994
90,OSM,0.0397886903999456
91,OSM,0.0473755996623671
92,OSM,0.0603059286475127
93,OSM,0.0303793643601719
94,OSM,0.0380174810341947
95,OSM,0.0574911769845605
96,OSM,0.0303949865836722
97,OSM,0.0633196948783285
98,OSM,0.0893535409453932
99,OSM,0.00252300311155558
100,OSM,-0.00515094932399689
101,OSM,0.0752510903233632
102,OSM,0.00939954961159722
103,OSM,0.0387407117680143
104,OSM,0.0255450521584776
105,OSM,0.0496103473368843
106,OSM,0.06231922861512
107,OSM,0.0698740095925956
108,OSM,0.0182236056608613
109,OSM,0.0702014739430997
110,OSM,0.0403570233780652
111,OSM,0.0521753905659954
112,OSM,0.0517591456952267
113,OSM,0.0818242322956672
114,OSM,0.0676904496840382
115,OSM,0.0692159173127396
116,OSM,0.076175012781238
117,OSM,0.102998209583242
118,OSM,0.0510583871606485
119,OSM,0.015850982641064
120,OSM,0.0472340075349917
121,OSM,0.0666992140142767
122,OSM,0.0547345155756334
123,OSM,0.054663200378426
124,OSM,0.0749065013430782
125,OSM,0.0521635658950013
126,OSM,0.0404537398035862
127,OSM,0.0297178838262113
128,OSM,0.0935427250639563
129,OSM,0.0606631749489455
130,OSM,0.0254767317089209
131,OSM,0.0466644831038608
132,OSM,0.0478172142251697
133,OSM,-0.00117659922585684
134,OSM,0.0139132829076269
135,OSM,0.0673039235909197
136,OSM,0.0316062113270217
137,OSM,0.0305377068286616
138,OSM,0.0392838516812369
139,OSM,0.0277756653606053
140,OSM,0.0523967510896321
141,OSM,0.0671113315312144
142,OSM,0.0197196091795412
143,OSM,0.0814072761459105
144,OSM,0.0352524244350118
145,OSM,0.0118798507148177
146,OSM,0.0462408966266702
147,OSM,0.0513054715562391
148,OSM,0.0482946442883556
149,OSM,0.0381743616754468
150,OSM,0.0533235981164051
151,OSM,0.0378099241065031
152,OSM,0.0728264126265363
153,OSM,0.0432711232182699
154,OSM,0.0179424618323185
155,OSM,0.0431552752035879
156,OSM,0.0516956895633731
157,OSM,0.0478130384316844
158,OSM,0.0169525907995645
159,OSM,0.0183119502598987
160,OSM,0.0717646551242017
161,OSM,0.0572470929653658
162,OSM,0.0275233812150132
163,OSM,0.0456226566894201
164,OSM,0.0146692707874076
165,OSM,0.0460881751475375
166,OSM,0.0381571813472603
167,OSM,0.0227756455343541
168,OSM,0.0834439421282384
169,OSM,0.0311013365998734
170,OSM,0.0676086636244202
171,OSM,0.0343262392755196
172,OSM,0.0134765340034644
173,OSM,0.0275880994800943
174,OSM,0.0656401914365008
175,OSM,0.0485069062953201
176,OSM,0.0291090374021663
177,OSM,0.00101838430541369
178,OSM,0.0148775800855781
179,OSM,0.0627454359873782
180,OSM,0.0290048805759243
181,OSM,0.054966995824963
182,OSM,0.0784092011922492
183,OSM,0.0497764621907728
184,OSM,0.0662957632137792
185,OSM,0.0343840295328084
186,OSM,0.032333296519759
187,OSM,0.0462521012677799
188,OSM,0.0444130294981169
189,OSM,0.0298905176456764
190,OSM,0.0391812687110503
191,OSM,0.0719931834323681
192,OSM,0.0211916482377241
193,OSM,0.0301703046351145
194,OSM,0.0404211644241705
195,OSM,0.0310599569552649
196,OSM,0.0478359642600119
197,OSM,0.00102488530686869
198,OSM,0.0703170714263738
199,OSM,0.0599471106288098
200,OSM,0.0727268008057745
201,OSM,0.0427032263265477
202,OSM,0.0535628774510344
203,OSM,0.0477121434551755
204,OSM,0.00861099912921384
205,OSM,0.0587126245269915
206,OSM,0.012168013234859
207,OSM,0.0616765825494889
208,OSM,0.0152834520627258
209,OSM,0.0458148591642872
210,OSM,0.0485968784788812
211,OSM,0.022528725308613
212,OSM,0.0358812079336984
213,OSM,0.0288816874990464
214,OSM,0.0699604241288368
215,OSM,0.0565122092106969
216,OSM,0.0402916524595162
217,OSM,0.0596411729519416
218,OSM,0.0665949975430336
219,OSM,0.0695887578743684
220,OSM,0.078283152612112
221,OSM,0.0409443536777939
222,OSM,0.0286092607520106
223,OSM,0.0554781778390565
224,OSM,0.0903610297035701
225,OSM,0.109611336167395
226,OSM,0.0503905239735477
227,OSM,0.0315865842590454
228,OSM,0.022322981704208
229,OSM,0.0617776952526042
230,OSM,0.0412161916867089
231,OSM,0.0356365977182529
232,OSM,0.0399008197702512
233,OSM,0.0651327754157753
234,OSM,0.0674039551129411
235,OSM,0.0243356570367586
236,OSM,0.0373600551842766
237,OSM,0.0283032166861664
238,OSM,0.0735112833117987
239,OSM,0.065756347044364
240,OSM,0.0356466475362741
241,OSM,0.0572930558863769
242,OSM,0.0355738874187917
243,OSM,0.0656524282862058
244,OSM,0.0523147605667651
245,OSM,0.0468561976347824
246,OSM,0.0606225386518504
247,OSM,0.0225031428290765
248,OSM,0.0299550945680013
249,OSM,0.0256566587167565
250,OSM,0.0354245323434027
251,OSM,0.0227268352073851
252,OSM,0.0205708510222398
253,OSM,0.0743437980933236
254,OSM,0.0667476545446469
255,OSM,0.0455457590181735
256,OSM,0.0924406892714218
257,OSM,0.0903617652366985
258,OSM,0.0229467979093761
259,OSM,0.0752990817831949
260,OSM,0.0872654699473866
261,OSM,0.0900450008990572
262,OSM,-0.00772711808407342
263,OSM,0.114730486409032
264,OSM,0.0559448231816763
265,OSM,0.0477002079581206
266,OSM,0.054694625736628
267,OSM,0.0508439601242312
268,OSM,0.0461011753998936
269,OSM,0.0399964455337123
270,OSM,0.0384782790127735
271,OSM,0.0775329123405043
272,OSM,0.0247117853553676
273,OSM,0.0542028749022708
274,OSM,0.0359872398559928
275,OSM,0.0273601071727986
276,OSM,0.0340086154240835
277,OSM,0.0424284917968018
278,OSM,0.0356617556033007
279,OSM,0.0359062646641718
280,OSM,0.0444022488903204
281,OSM,0.0226892678592218
282,OSM,0.0672251491789048
283,OSM,0.0403243214714376
284,OSM,0.0621269359066264
285,OSM,0.0553554573508435
286,OSM,0.0160900624155585
287,OSM,0.0539529968977954
288,OSM,0.0670532175756398
289,OSM,0.046441084262192
290,OSM,0.0464380185962634
291,OSM,0.0345030735305697
292,OSM,0.0620498898751445
293,OSM,-0.0149120967969399
294,OSM,0.0223583573542373
295,OSM,-0.0075228916091325
296,OSM,0.0386704762870064
297,OSM,0.0783498239639745
298,OSM,0.044625826206388
299,OSM,0.0324368382148985
300,OSM,0.0535317926220108
301,OSM,0.0749580025310502
302,OSM,0.0420819163390116
303,OSM,0.00337022823971775
304,OSM,0.0388244668966182
305,OSM,0.0202491176221562
306,OSM,0.095234342897424
307,OSM,0.124251369558621
308,OSM,0.0671429172726675
309,OSM,0.039836300262187
310,OSM,0.0631920246815432
311,OSM,0.0793697336221591
312,OSM,0.0344172471839311
313,OSM,0.0274566054262977
314,OSM,0.0826329841511549
315,OSM,0.00532763299364764
316,OSM,0.0201019479743738
317,OSM,0.0234144041383193
318,OSM,0.0213452928055394
319,OSM,0.0258767893965744
320,OSM,0.0790454299318978
321,OSM,0.0399204675586121
322,OSM,0.0556210850284741
323,OSM,0.010156320662642
324,OSM,-0.00478411333970953
325,OSM,0.03152874377652
326,OSM,0.112464976923781
327,OSM,0.0602929280239213
328,OSM,0.0871392580860702
329,OSM,0.016492221372871
330,OSM,0.0467598566040297
331,OSM,0.0581391609146669
332,OSM,0.064211678817333
333,OSM,0.0257900699396489
334,OSM,0.0384305951595568
335,OSM,0.0148474019712087
336,OSM,0.0692580166826993
337,OSM,0.0632172703097495
338,OSM,0.0425126993571216
339,OSM,0.0364388463953928
340,OSM,0.0278540923081797
341,OSM,0.0363573237189317
342,OSM,0.0862317650107364
343,OSM,0.0182214926051421
344,OSM,0.0200246479399448
345,OSM,0.0458632306822611
346,OSM,0.0220202473597057
347,OSM,0.0726271871346801
348,OSM,-5.43893044755325e-05
349,OSM,0.0928726023100854
350,OSM,0.0601101601919366
351,OSM,0.0479516413325148
352,OSM,0.0484198529525977
353,OSM,0.0608805692460376
354,OSM,0.0729841588769994
355,OSM,0.056160925553218
356,OSM,0.0568188584931693
357,OSM,0.0759919961678389
358,OSM,0.0360390840778235
359,OSM,0.0246474883134403
360,OSM,0.0554255643042344
361,OSM,-0.00356421975641218
362,OSM,0.0664695863824776
363,OSM,0.0652319466662002
364,OSM,0.0492523548082739
365,OSM,0.0427715359395125
366,OSM,0.0415406432367223
367,OSM,0.0443991136876402
368,OSM,0.048509150347997
369,OSM,0.045628684777109
370,OSM,0.0347366620897179
371,OSM,0.030000125361132
372,OSM,0.0376560395481262
373,OSM,0.0492170669553221
374,OSM,0.0217388428127277
375,OSM,0.0771570671681619
376,OSM,0.0587894015657252
377,OSM,0.0770665830037753
378,OSM,0.0409742465655565
379,OSM,0.0516081791723678
380,OSM,0.0532860599703405
381,OSM,0.0179808987824105
382,OSM,0.0412673460317196
383,OSM,0.0578987885425545
384,OSM,0.0600619281506721
385,OSM,0.0339767458785433
386,OSM,0.0358409123607274
387,OSM,0.00409783972572547
388,OSM,0.0558302920474321
389,OSM,0.0492851936093743
390,OSM,0.0476791089900287
391,OSM,0.0869444518564547
392,OSM,0.065129390697793
393,OSM,0.0356919610074902
394,OSM,0.0100683494676392
395,OSM,0.0324730584513263
396,OSM,0.0395308022908605
397,OSM,0.0299589758439372
398,OSM,0.0393212581217796
399,OSM,0.00392677670286598
400,OSM,0.0531365141445299
401,OSM,0.0444752776442263
402,OSM,0.0306730444379577
403,OSM,0.0760936395929618
404,OSM,0.0387935714501169
405,OSM,0.0829153614428499
406,OSM,0.0502608787826471
407,OSM,0.0171717887197216
408,OSM,0.0559289392174258
409,OSM,0.0229317189164216
410,OSM,-0.0106663941692593
411,OSM,0.0202694731279281
412,OSM,0.0323415999746926
413,OSM,0.073666995105596
414,OSM,0.0249162778019046
415,OSM,0.0801111329894854
416,OSM,0.0752631082098937
417,OSM,0.0638439740905723
418,OSM,0.0475838176546462
419,OSM,0.0694345823404494
420,OSM,0.0313042830347555
421,OSM,0.0125994853716787
422,OSM,0.0343627229589105
423,OSM,0.0359379181951106
424,OSM,0.0517251830564011
425,OSM,0.0434992430105352
426,OSM,0.0226645453285231
427,OSM,0.0215236427623758
428,OSM,0.0610085849915668
429,OSM,0.000453978033644581
430,OSM,0.0187255164244071
431,OSM,0.0326498291880771
432,OSM,0.0368562508342554
433,OSM,0.0508648740927533
434,OSM,0.0116070207995322
435,OSM,0.0557230561415104
436,OSM,0.034267626005841
437,OSM,0.0441419792019577
438,OSM,0.0576739488640474
439,OSM,0.0345868981378469
440,OSM,0.0328265105739453
441,OSM,0.0453221834527403
442,OSM,0.0266390328100537
443,OSM,0.058812520944869
444,OSM,0.0281051169091605
445,OSM,0.031295521458244
446,OSM,0.0386087437980681
447,OSM,-0.0120086829023104
448,OSM,0.0383243072972563
449,OSM,0.0363711637407335
450,OSM,0.0547366555993937
451,OSM,0.0187299736435867
452,OSM,0.0565588826306555
453,OSM,0.0278396371469482
454,OSM,0.0604725814437638
455,OSM,0.081036957413393
456,OSM,0.0604842072714162
457,OSM,0.0244345457118724
458,OSM,0.0395108204170813
459,OSM,0.0131702828341862
460,OSM,0.0339731314408837
461,OSM,0.0309964449060301
462,OSM,0.060835982244298
463,OSM,0.0742360202014935
464,OSM,0.057353246190594
465,OSM,0.0261827417925412
466,OSM,0.032111139899102
467,OSM,0.0478646299163682
468,OSM,0.0930206419731168
469,OSM,0.0363262992104796
470,OSM,0.0437575591448779
471,OSM,0.0450066497035737
472,OSM,0.0732827429976118
473,OSM,0.0186455484177594
474,OSM,0.0637498668726147
475,OSM,0.0140361417004546
476,OSM,0.0961922433120113
477,OSM,0.0385741923896527
478,OSM,0.0256814588951291
479,OSM,0.0495267972239588
480,OSM,0.0497942658306079
481,OSM,0.0402845393478126
482,OSM,0.043624327035364
483,OSM,0.0378997260545745
484,OSM,0.0598196564598674
485,OSM,0.0628315268271784
486,OSM,0.0450363772376485
487,OSM,0.108954645767679
488,OSM,0.0688028584935151
489,OSM,0.00755471188842397
490,OSM,0.0169727583972016
491,OSM,0.0752778945056946
492,OSM,0.0493471240605629
493,OSM,0.0198853031567536
494,OSM,0.0506599544309751
495,OSM,0.0348953926066832
496,OSM,0.0353946758147292
497,OSM,0.0727752147788488
498,OSM,0.0495808330280841
499,OSM,0.0575877916960184
1,CD16,0.04173127822967
2,CD16,0.0913563353171224
3,CD16,0.0684570547904089
4,CD16,0.0936162132232436
5,CD16,0.0571151795444412
6,CD16,0.0735791989507431
7,CD16,0.0823099516944274
8,CD16,0.0344040968744468
9,CD16,0.0645853150274864
10,CD16,0.0757561781254077
11,CD16,0.0313302455197933
12,CD16,0.0881216188406836
13,CD16,0.0567126333611614
14,CD16,0.0508983665471617
15,CD16,0.052407138526909
16,CD16,0.0557717183669703
17,CD16,0.0695507041519155
18,CD16,0.0639311826851595
19,CD16,0.0841494497539102
20,CD16,0.0663634072862756
21,CD16,0.0710509566715146
22,CD16,0.063066278448124
23,CD16,0.0836214649642205
24,CD16,0.0417297060534035
25,CD16,0.0558570819783518
26,CD16,0.0634622341961642
27,CD16,0.0471738806715795
28,CD16,0.0397586258868066
29,CD16,0.0597860906951023
30,CD16,0.0508997239163046
31,CD16,0.105336499135052
32,CD16,0.0962306702526827
33,CD16,0.0736093423439978
34,CD16,0.0824190495507833
35,CD16,0.0801266274937588
36,CD16,0.0313692694982398
37,CD16,0.079310690819601
38,CD16,0.0609106862588046
39,CD16,0.0843269343127513
40,CD16,0.064800204300017
41,CD16,0.0309546530436087
42,CD16,0.0614319019770585
43,CD16,0.0955182674142515
44,CD16,0.0502247557778215
45,CD16,0.0460447232365904
46,CD16,0.111366922888158
47,CD16,0.0617754627669648
48,CD16,0.0478337177432847
49,CD16,0.095035628255846
50,CD16,0.06526923805154
51,CD16,0.0500255824140451
52,CD16,0.0629692919562043
53,CD16,0.0983307610943774
54,CD16,0.0784925066963836
55,CD16,0.0467289050631178
56,CD16,0.0451004791833099
57,CD16,0.0409809556845365
58,CD16,0.0846334576720916
59,CD16,0.0566311381021171
60,CD16,0.0685809287438234
61,CD16,0.071975251676647
62,CD16,0.0550822540003582
63,CD16,0.0906280660668555
64,CD16,0.0495096602650756
65,CD16,0.0644179805204098
66,CD16,0.0874734798447782
67,CD16,0.0670446636893928
68,CD16,0.0687596353802506
69,CD16,0.0429810480146797
70,CD16,0.0710690896053174
71,CD16,0.0649236737567677
72,CD16,0.102516395343131
73,CD16,0.0909533146587567
74,CD16,0.0776520646141637
75,CD16,0.092224308725527
76,CD16,0.086602563953799
77,CD16,0.0837554903500477
78,CD16,0.0654290145291108
79,CD16,0.055906980568415
80,CD16,0.0533041825753963
81,CD16,0.0762938789372482
82,CD16,0.0520050626206747
83,CD16,0.062850068776642
84,CD16,0.0313188456139606
85,CD16,0.0570811961835745
86,CD16,0.044370347876783
87,CD16,0.0545188263908847
88,CD16,0.0929825620323689
89,CD16,0.0874776844517047
90,CD16,0.0949824397242521
91,CD16,0.0160299752297555
92,CD16,0.0150746029689052
93,CD16,0.0664169331487006
94,CD16,0.0863628884947085
95,CD16,0.0624367264759559
96,CD16,0.112794040515601
97,CD16,0.0373658789645751
98,CD16,0.0576453838578477
99,CD16,0.0963342894809696
100,CD16,0.0255226695341984
101,CD16,0.0706979679721527
102,CD16,0.0986536847614901
103,CD16,0.056605388458
104,CD16,0.0864851480182861
105,CD16,0.0759524341819302
106,CD16,0.0775917082068214
107,CD16,0.064001958385369
108,CD16,0.0616253506845721
109,CD16,0.0864688315092839
110,CD16,0.0734018611227939
111,CD16,0.0594486479656414
112,CD16,0.0859216821861646
113,CD16,0.0591989044740076
114,CD16,0.078880438869364
115,CD16,0.0472506253976533
116,CD16,0.0912640693236192
117,CD16,0.035065908444452
118,CD16,0.0631441860938737
119,CD16,0.0766589746064346
120,CD16,0.0665987211498479
121,CD16,0.0786289842283742
122,CD16,0.10485059060215
123,CD16,0.0625875712318814
124,CD16,0.0690461767531673
125,CD16,0.02667726527057
126,CD16,0.0522116016374025
127,CD16,0.0441478546142475
128,CD16,0.0456530373296398
129,CD16,0.11472275680776
130,CD16,0.0628068989790459
131,CD16,0.0357799651431867
132,CD16,0.0836722537349749
133,CD16,0.0408922813573831
134,CD16,0.0704102988259883
135,CD16,0.0627371626263036
136,CD16,0.0509886230768011
137,CD16,0.0699523288047933
138,CD16,0.0579559931369525
139,CD16,0.101507212923126
140,CD16,0.112735167420165
141,CD16,0.0510266316785155
142,CD16,0.0975753114617817
143,CD16,0.0521994639803143
144,CD16,0.0608226491148753
145,CD16,0.0330288454141507
146,CD16,0.074886567619228
147,CD16,0.0388781769823784
148,CD16,0.0619088995517915
149,CD16,0.0617496006612208
150,CD16,0.0769012439535169
151,CD16,0.0978791363825132
152,CD16,0.05342044454173
153,CD16,0.0761672095495799
154,CD16,0.0863775176167999
155,CD16,0.0535461410604167
156,CD16,0.0297330542686252
157,CD16,0.0879250017875052
158,CD16,0.0805407888585704
159,CD16,0.0417515010377104
160,CD16,0.039385742586555
161,CD16,0.0626150896248552
162,CD16,0.0467430704836357
163,CD16,0.0687906422444537
164,CD16,0.0803403257272331
165,CD16,0.107553574565317
166,CD16,0.0537199851711348
167,CD16,0.0927246295205252
168,CD16,0.0715980093055238
169,CD16,0.0891346000945407
170,CD16,0.0498880210368218
171,CD16,0.0621048613154949
172,CD16,0.0649015925936315
173,CD16,0.0709867880307524
174,CD16,0.121884342979147
175,CD16,0.0398069919706331
176,CD16,0.090488490087986
177,CD16,0.0498068881282147
178,CD16,0.0621784131250503
179,CD16,0.0928216923683973
180,CD16,0.0509519472190371
181,CD16,0.0584969478310246
182,CD16,0.0900800192876117
183,CD16,0.0584032974524359
184,CD16,0.0238757951425897
185,CD16,0.0755420279152578
186,CD16,0.0651842743671201
187,CD16,0.12259095311682
188,CD16,0.0269649903784012
189,CD16,0.0733233567509347
190,CD16,0.0533772804263846
191,CD16,0.038492861854253
192,CD16,0.0782584787595202
193,CD16,0.0694204201056857
194,CD16,0.128039757216069
195,CD16,0.106364119558679
196,CD16,0.0713483807799697
197,CD16,0.0788776889440765
198,CD16,0.0691013162244111
199,CD16,0.0544444577918006
200,CD16,0.0602306274568707
201,CD16,0.0544965859650161
202,CD16,0.0927258755975285
203,CD16,0.0682380346585175
204,CD16,0.0785467218363403
205,CD16,0.104420598779235
206,CD16,0.0622898828358459
207,CD16,0.0840552301536872
208,CD16,0.0679506107243383
209,CD16,0.0883901063892398
210,CD16,0.0235147552931535
211,CD16,0.0667566408281522
212,CD16,0.0718583598855026
213,CD16,0.0769702196166595
214,CD16,0.0919601298852134
215,CD16,0.119367249630963
216,CD16,0.0502099176314222
217,CD16,0.100948021761675
218,CD16,0.0502136872974614
219,CD16,0.0601266041887843
220,CD16,0.0283117761870087
221,CD16,0.0302995763700606
222,CD16,0.0555398324127003
223,CD16,0.0633612790095208
224,CD16,0.081827581370818
225,CD16,0.094621973107258
226,CD16,0.0648716020508587
227,CD16,0.0745219105205224
228,CD16,0.0820357619008879
229,CD16,0.0926729031372963
230,CD16,0.0845549960929976
231,CD16,0.0447326262197958
232,CD16,0.0547578245995785
233,CD16,0.0732604637064242
234,CD16,0.0655794254053243
235,CD16,0.0934452250311933
236,CD16,0.0415217217642596
237,CD16,0.0514344808496482
238,CD16,0.0457166482247621
239,CD16,0.068988888423005
240,CD16,0.094388894153979
241,CD16,0.0715991352452835
242,CD16,0.0426841574432476
243,CD16,0.0670909443905973
244,CD16,0.0428789586641159
245,CD16,0.00913272289882461
246,CD16,0.0571787332659117
247,CD16,0.0761920567988438
248,CD16,0.0615051630042722
249,CD16,0.0804646174914309
250,CD16,0.0769243728741455
251,CD16,0.0534468397991238
252,CD16,0.0830227736558661
253,CD16,0.0927381772070544
254,CD16,0.0948593174391816
255,CD16,0.105357560810027
256,CD16,0.0737565905558665
257,CD16,0.0620601954088063
258,CD16,0.0888370906582586
259,CD16,0.102334539669439
260,CD16,0.0400713840578459
261,CD16,0.0916273905278264
262,CD16,0.0666594446091722
263,CD16,0.0375697238358989
264,CD16,0.0618902828535315
265,CD16,0.0792215843201291
266,CD16,0.0637803958467724
267,CD16,0.0771002951425342
268,CD16,0.0979296176183867
269,CD16,0.0406436300391328
270,CD16,0.075674986671502
271,CD16,0.0738142659202167
272,CD16,0.0979350451857524
273,CD16,0.0763592163483673
274,CD16,0.0564625551785655
275,CD16,0.0577174945853692
276,CD16,0.0603548164542809
277,CD16,0.0430512506280391
278,CD16,0.0672920607945273
279,CD16,0.0724446220020052
280,CD16,0.10820103421639
281,CD16,0.0588603607878031
282,CD16,0.127616365346513
283,CD16,0.058235124412958
284,CD16,0.058892626652415
285,CD16,0.0961516065143102
286,CD16,0.0365467639176161
287,CD16,0.0712855399536303
288,CD16,0.0853267103254771
289,CD16,0.0413676712013267
290,CD16,0.0319025330714714
291,CD16,0.107510461568212
292,CD16,0.0384305076470001
293,CD16,0.0872982703323775
294,CD16,0.0953336537591701
295,CD16,0.0459457474654501
296,CD16,0.0786827276923984
297,CD16,0.050234412507122
298,CD16,0.0898633251052631
299,CD16,0.0507587109769936
300,CD16,0.0475387721748284
301,CD16,0.0873137263512617
302,CD16,0.101353023012672
303,CD16,0.0834836167507319
304,CD16,0.0861682447528333
305,CD16,0.0542495050827441
306,CD16,0.0661701228460175
307,CD16,0.0450048643972455
308,CD16,0.0645456276452596
309,CD16,0.0281323885900084
310,CD16,0.0373452918843704
311,CD16,0.0598831422887971
312,CD16,0.114773353757321
313,CD16,0.0819193778549971
314,CD16,0.0317840153347056
315,CD16,0.0575272070434887
316,CD16,0.0772789923396884
317,CD16,0.0761202477875224
318,CD16,0.0396166770957844
319,CD16,0.0446048052686226
320,CD16,0.051654443651316
321,CD16,0.104141269411123
322,CD16,0.0633136308280976
323,CD16,0.0706335724743231
324,CD16,0.0779271870461735
325,CD16,0.0828572364556614
326,CD16,0.0722458491576921
327,CD16,0.0668144364786411
328,CD16,0.0701193046119964
329,CD16,0.0564202401236672
330,CD16,0.0861836161030595
331,CD16,0.0587673585010042
332,CD16,0.0586075210059402
333,CD16,0.0580177587815328
334,CD16,0.0519768752976658
335,CD16,0.053877653417844
336,CD16,0.0824423131163851
337,CD16,0.108038173926917
338,CD16,0.0671296822234678
339,CD16,0.0766211608320759
340,CD16,0.0978161891560209
341,CD16,0.0868217218033293
342,CD16,0.0809682354667309
343,CD16,0.0924867976410446
344,CD16,0.0437605861166276
345,CD16,0.0590480354036641
346,CD16,0.0834780541867796
347,CD16,0.0589668174735579
348,CD16,0.0601372450139123
349,CD16,0.0627958822640328
350,CD16,0.0753664722767385
351,CD16,0.0571187515203264
352,CD16,0.0726574336269179
353,CD16,0.084328641797163
354,CD16,0.0652868629940441
355,CD16,0.0376809768068146
356,CD16,0.0646723791787986
357,CD16,0.0558185522240593
358,CD16,0.0553109799365843
359,CD16,0.0642462831862778
360,CD16,0.0564715258752797
361,CD16,0.0598055039906843
362,CD16,0.056856455510447
363,CD16,0.0725251027921329
364,CD16,0.0722643393464943
365,CD16,0.105177091371566
366,CD16,0.111664629941735
367,CD16,0.071604644448863
368,CD16,0.087286827076638
369,CD16,0.111664779825518
370,CD16,0.0654457598488019
371,CD16,0.0629671751265622
372,CD16,0.0358145619539152
373,CD16,0.132737984968345
374,CD16,0.0477862299859928
375,CD16,0.0838861150068172
376,CD16,0.0802748739659972
377,CD16,0.0589437658642855
378,CD16,0.0528509435787449
379,CD16,0.0607843934297758
380,CD16,0.0938776018907006
381,CD16,0.0825618991100594
382,CD16,0.0469535293175503
383,CD16,0.0740575031038124
384,CD16,0.087890904144909
385,CD16,0.0367080717109008
386,CD16,0.0923256252490448
387,CD16,0.049270035916461
388,CD16,0.0671142298027594
389,CD16,0.0758558156054665
390,CD16,0.0751758486608652
391,CD16,0.0435930387647453
392,CD16,0.0462270906276847
393,CD16,0.0913265960562203
394,CD16,0.0740639186384115
395,CD16,0.0706440931949715
396,CD16,0.0685307678036084
397,CD16,0.0572825708504727
398,CD16,0.0558030160632065
399,CD16,0.0828664881139991
400,CD16,0.0447991392869692
401,CD16,0.10053062289176
402,CD16,0.0465182405470207
403,CD16,0.106575011361451
404,CD16,0.0617287897947177
405,CD16,0.0931860957807827
406,CD16,0.0711651637663192
407,CD16,0.05169498454856
408,CD16,0.0590246516287905
409,CD16,0.0449612828205575
410,CD16,0.0610784976612479
411,CD16,0.064834918222837
412,CD16,0.0566962441786674
413,CD16,0.112351405101856
414,CD16,0.0759805902317236
415,CD16,0.0880846585006604
416,CD16,0.0897331105434726
417,CD16,0.0590161858077056
418,CD16,0.0695768805103119
419,CD16,0.0642329474566937
420,CD16,0.0531320064327919
421,CD16,0.0712340260528652
422,CD16,0.0599826495412819
423,CD16,0.0768882066067348
424,CD16,0.0814701025134023
425,CD16,0.0674558703338878
426,CD16,0.0849343856905605
427,CD16,0.0737438729833172
428,CD16,0.0616303468804721
429,CD16,0.078216476433849
430,CD16,0.0867117300497981
431,CD16,0.0907884402964464
432,CD16,0.0806793442881378
433,CD16,0.0707201285003077
434,CD16,0.0579692575607227
435,CD16,0.0403729267422987
436,CD16,0.0464356474766251
437,CD16,0.0940099239984366
438,CD16,0.0915960307244361
439,CD16,0.0671784274965992
440,CD16,0.0793911422878228
441,CD16,0.0704646119732249
442,CD16,0.0553346755267394
443,CD16,0.100925014788546
444,CD16,0.0290172836179801
445,CD16,0.0744364869798898
446,CD16,0.0942437814926598
447,CD16,0.0337032263905265
448,CD16,0.0453760889793463
449,CD16,0.00688089562312592
450,CD16,0.0892821192269599
451,CD16,0.088995465902884
452,CD16,0.0956910926598484
453,CD16,0.0742111451811071
454,CD16,0.0825859528872699
455,CD16,0.0559266217143089
456,CD16,0.0643957389383984
457,CD16,0.0627113189348086
458,CD16,0.0833610423575527
459,CD16,0.0672117857493101
460,CD16,0.0586483923140875
461,CD16,0.0474515641925317
462,CD16,0.0550499823622071
463,CD16,0.036009894749078
464,CD16,0.0957639670465084
465,CD16,0.0620097364630625
466,CD16,0.0868043948042262
467,CD16,0.0671472769345725
468,CD16,0.09345797256514
469,CD16,0.0827022495881062
470,CD16,0.0748415154340359
471,CD16,0.0517412718134598
472,CD16,0.100463483010615
473,CD16,0.10309975304648
474,CD16,0.063905804892647
475,CD16,0.0626267870734861
476,CD16,0.0540895066181251
477,CD16,0.0488419622072529
478,CD16,0.10301056801715
479,CD16,0.068705757036498
480,CD16,0.083450032554233
481,CD16,0.102140381261856
482,CD16,0.0897143155180195
483,CD16,0.11079616918809
484,CD16,0.0857721576218093
485,CD16,0.0688184573391232
486,CD16,0.0727282428570792
487,CD16,0.0769681789171587
488,CD16,0.049219151880579
489,CD16,0.0521643467762622
490,CD16,0.0921369573293654
491,CD16,0.0969465784681189
492,CD16,0.0813847252813159
493,CD16,0.0851691538838715
494,CD16,0.0684428967462038
495,CD16,0.0596588239081058
496,CD16,0.0739718646199293
497,CD16,0.0828955554501955
498,CD16,0.091114333144622
499,CD16,0.0495878628897625
1,CD11b,0.0868620460204531
2,CD11b,0.147626390367619
3,CD11b,0.0952984414765311
4,CD11b,0.148677130601001
5,CD11b,0.0948602001875419
6,CD11b,0.132063555005388
7,CD11b,0.087292706803909
8,CD11b,0.0815574279628508
9,CD11b,0.111107895585273
10,CD11b,0.124057296583225
11,CD11b,0.0952559027343276
12,CD11b,0.145441110757703
13,CD11b,0.0728181806370744
14,CD11b,0.0939579526832131
15,CD11b,0.0941919169757494
16,CD11b,0.0928636998452956
17,CD11b,0.159154036234518
18,CD11b,0.111012054471342
19,CD11b,0.15373557294859
20,CD11b,0.11489459419646
21,CD11b,0.101582640715174
22,CD11b,0.109161291988922
23,CD11b,0.089541284885525
24,CD11b,0.0922146673684498
25,CD11b,0.0974737185782816
26,CD11b,0.0885091858751192
27,CD11b,0.107737598104965
28,CD11b,0.078156210997577
29,CD11b,0.101875701027035
30,CD11b,0.0885507039343366
31,CD11b,0.17003167664086
32,CD11b,0.103647747248376
33,CD11b,0.121423226360172
34,CD11b,0.107878753616812
35,CD11b,0.132513622531128
36,CD11b,0.0922644476048459
37,CD11b,0.078432887669312
38,CD11b,0.109584510119305
39,CD11b,0.109136519449096
40,CD11b,0.103299080595578
41,CD11b,0.0714134705703115
42,CD11b,0.111897069514354
43,CD11b,0.146366496508078
44,CD11b,0.10852865500267
45,CD11b,0.108383586373057
46,CD11b,0.156907821280712
47,CD11b,0.103988623648525
48,CD11b,0.103771670559656
49,CD11b,0.14208967347483
50,CD11b,0.127301923455935
51,CD11b,0.090822295522947
52,CD11b,0.121871613357875
53,CD11b,0.109030927582108
54,CD11b,0.0947636152094498
55,CD11b,0.0554091905376092
56,CD11b,0.0974612259566941
57,CD11b,0.101186190438002
58,CD11b,0.158678453204505
59,CD11b,0.0685000467299284
60,CD11b,0.114169736131981
61,CD11b,0.117319773804508
62,CD11b,0.109562446710284
63,CD11b,0.14141051861265
64,CD11b,0.109362971650083
65,CD11b,0.105299268659285
66,CD11b,0.149714115962736
67,CD11b,0.103108457768576
68,CD11b,0.113664038631148
69,CD11b,0.0749291395085621
70,CD11b,0.107997038849615
71,CD11b,0.121608835129441
72,CD11b,0.13151964443404
73,CD11b,0.138439801811419
74,CD11b,0.137122200829822
75,CD11b,0.135648906969524
76,CD11b,0.14520476151343
77,CD11b,0.111074504700109
78,CD11b,0.0880516348570249
79,CD11b,0.0937403499225788
80,CD11b,0.0874550296071241
81,CD11b,0.145290308864784
82,CD11b,0.0939501201728834
83,CD11b,0.123832771361122
84,CD11b,0.0589951913819372
85,CD11b,0.0988612414925637
86,CD11b,0.102376337706306
87,CD11b,0.0981086937696293
88,CD11b,0.122979794262105
89,CD11b,0.139000860867439
90,CD11b,0.128036070694111
91,CD11b,0.0647716130542805
92,CD11b,0.0651606460621623
93,CD11b,0.0976375398598344
94,CD11b,0.0877919668549968
95,CD11b,0.127971597943628
96,CD11b,0.135478497894306
97,CD11b,0.105729420704657
98,CD11b,0.114060156185563
99,CD11b,0.0974016291091875
100,CD11b,0.0817884846015682
101,CD11b,0.0943522942269209
102,CD11b,0.108634439257096
103,CD11b,0.146755732184214
104,CD11b,0.132642433221295
105,CD11b,0.166645933271956
106,CD11b,0.138244793522776
107,CD11b,0.133277932497373
108,CD11b,0.125402390309775
109,CD11b,0.161399834901563
110,CD11b,0.118245708902244
111,CD11b,0.145846441909067
112,CD11b,0.10101180118483
113,CD11b,0.107371264885567
114,CD11b,0.118525946857239
115,CD11b,0.095967245430745
116,CD11b,0.141534047505353
117,CD11b,0.119919734098764
118,CD11b,0.138736348404548
119,CD11b,0.0999252452896017
120,CD11b,0.106178668314093
121,CD11b,0.133782277254292
122,CD11b,0.126377522526937
123,CD11b,0.127766528046146
124,CD11b,0.147495329201393
125,CD11b,0.0913209588687306
126,CD11b,0.124302780719038
127,CD11b,0.0848269666911383
128,CD11b,0.100099513337505
129,CD11b,0.132867041968082
130,CD11b,0.0854405244018072
131,CD11b,0.0593006279856859
132,CD11b,0.12395260149123
133,CD11b,0.0758296722934543
134,CD11b,0.0771606260768546
135,CD11b,0.126189541422168
136,CD11b,0.0590059446974716
137,CD11b,0.105364671800258
138,CD11b,0.102375036196802
139,CD11b,0.149435584175722
140,CD11b,0.162129830464771
141,CD11b,0.103725128947172
142,CD11b,0.150881583103201
143,CD11b,0.102847213263991
144,CD11b,0.0898047563222512
145,CD11b,0.0757040487781836
146,CD11b,0.127615459922378
147,CD11b,0.0750364223207952
148,CD11b,0.102383698945173
149,CD11b,0.0788294429874745
150,CD11b,0.129785512782894
151,CD11b,0.141209342119828
152,CD11b,0.0935111754000544
153,CD11b,0.115252739762625
154,CD11b,0.124264022560027
155,CD11b,0.0826709503822637
156,CD11b,0.080681768848597
157,CD11b,0.125075011211165
158,CD11b,0.134692111432816
159,CD11b,0.0918816926425201
160,CD11b,0.0857866884792072
161,CD11b,0.106058716076308
162,CD11b,0.0918561757837016
163,CD11b,0.133476470846212
164,CD11b,0.130770676102728
165,CD11b,0.178100330305599
166,CD11b,0.112887685494942
167,CD11b,0.125028551186649
168,CD11b,0.13207158140866
169,CD11b,0.170129085748522
170,CD11b,0.117486147741876
171,CD11b,0.100625718957972
172,CD11b,0.0759769380259942
173,CD11b,0.0802932747562347
174,CD11b,0.152951712844091
175,CD11b,0.101617874156855
176,CD11b,0.126049662674568
177,CD11b,0.0968897589861107
178,CD11b,0.0928869635921211
179,CD11b,0.109660504296209
180,CD11b,0.0926946045066227
181,CD11b,0.127517590553059
182,CD11b,0.116795623043534
183,CD11b,0.095031921663893
184,CD11b,0.086306043185977
185,CD11b,0.109806586949507
186,CD11b,0.111392398095004
187,CD11b,0.163781021075239
188,CD11b,0.0879523443120116
189,CD11b,0.121464431595554
190,CD11b,0.0740328687685757
191,CD11b,0.0955577225642167
192,CD11b,0.0864745798651006
193,CD11b,0.118500322900057
194,CD11b,0.166313804033542
195,CD11b,0.136008280001902
196,CD11b,0.130640914666556
197,CD11b,0.114663647163788
198,CD11b,0.118927641041458
199,CD11b,0.124910265433759
200,CD11b,0.120388006807808
201,CD11b,0.108986279145081
202,CD11b,0.144867643746086
203,CD11b,0.134268095610794
204,CD11b,0.0753273033670784
205,CD11b,0.133400997986976
206,CD11b,0.115080602410772
207,CD11b,0.111766135349956
208,CD11b,0.0690129043823109
209,CD11b,0.143648626560687
210,CD11b,0.0739511704097593
211,CD11b,0.122562827714023
212,CD11b,0.0994085881394034
213,CD11b,0.115295208494628
214,CD11b,0.146866441006383
215,CD11b,0.161491952171571
216,CD11b,0.124809463426272
217,CD11b,0.133043591311277
218,CD11b,0.127342714014564
219,CD11b,0.0756220395433156
220,CD11b,0.112253491634329
221,CD11b,0.0553902686162409
222,CD11b,0.0746800182494956
223,CD11b,0.113653375127442
224,CD11b,0.129998822058574
225,CD11b,0.134867095242006
226,CD11b,0.126030839757893
227,CD11b,0.131846367262073
228,CD11b,0.10040260546187
229,CD11b,0.112900860054465
230,CD11b,0.119214466244147
231,CD11b,0.0919339162568671
232,CD11b,0.0708332527941482
233,CD11b,0.159914935868623
234,CD11b,0.145548963822833
235,CD11b,0.120384807101517
236,CD11b,0.135338344788984
237,CD11b,0.061087574133113
238,CD11b,0.0743257232328979
239,CD11b,0.111682997009661
240,CD11b,0.089085922462764
241,CD11b,0.144278872420267
242,CD11b,0.0970435037390715
243,CD11b,0.111848897208878
244,CD11b,0.0887826256954653
245,CD11b,0.0427772074998686
246,CD11b,0.122864430060743
247,CD11b,0.117093233016267
248,CD11b,0.0776343612569825
249,CD11b,0.115623546992128
250,CD11b,0.133152548003412
251,CD11b,0.071774113179444
252,CD11b,0.103210272189974
253,CD11b,0.14206296663355
254,CD11b,0.147106726179963
255,CD11b,0.130892164606676
256,CD11b,0.121551000271447
257,CD11b,0.107358790070137
258,CD11b,0.147894928190995
259,CD11b,0.162121935564089
260,CD11b,0.108002476819034
261,CD11b,0.107909556907084
262,CD11b,0.0982744797537442
263,CD11b,0.102664667094882
264,CD11b,0.102847241678645
265,CD11b,0.122042909162815
266,CD11b,0.115796790594684
267,CD11b,0.135292443356193
268,CD11b,0.156517881549997
269,CD11b,0.101379736020887
270,CD11b,0.140484724458839
271,CD11b,0.14068036811558
272,CD11b,0.11563847511557
273,CD11b,0.117181201256372
274,CD11b,0.129832210993202
275,CD11b,0.100961347697647
276,CD11b,0.0819363127582917
277,CD11b,0.13455322527495
278,CD11b,0.108424321348802
279,CD11b,0.135690304426597
280,CD11b,0.145054958494556
281,CD11b,0.0833392410544052
282,CD11b,0.176741371596782
283,CD11b,0.107785995537438
284,CD11b,0.115907704807336
285,CD11b,0.161353712652995
286,CD11b,0.079369374687146
287,CD11b,0.0943889304991654
288,CD11b,0.131036621501587
289,CD11b,0.104120088095055
290,CD11b,0.0748701399831746
291,CD11b,0.173520775888521
292,CD11b,0.0924907489713737
293,CD11b,0.114960506117717
294,CD11b,0.112918996371222
295,CD11b,0.0758702417058978
296,CD11b,0.1106838628025
297,CD11b,0.102963584581335
298,CD11b,0.118077522120734
299,CD11b,0.093066364580861
300,CD11b,0.114494947192816
301,CD11b,0.153201914590392
302,CD11b,0.171888907918906
303,CD11b,0.0990750282632256
304,CD11b,0.140792520706869
305,CD11b,0.113437287124893
306,CD11b,0.144318551961195
307,CD11b,0.124619644631001
308,CD11b,0.113032280911426
309,CD11b,0.0839973326956086
310,CD11b,0.0661888759237288
311,CD11b,0.106956553191111
312,CD11b,0.151275828990029
313,CD11b,0.0920075251630312
314,CD11b,0.101905190477808
315,CD11b,0.101844121898117
316,CD11b,0.126838629793873
317,CD11b,0.0946638219359179
318,CD11b,0.057304263728999
319,CD11b,0.10381696050056
320,CD11b,0.0894727322152296
321,CD11b,0.165795006734994
322,CD11b,0.0949823671742644
323,CD11b,0.112431946794257
324,CD11b,0.134285522180516
325,CD11b,0.12173298173815
326,CD11b,0.149644751347614
327,CD11b,0.0928849318720685
328,CD11b,0.0936842976396823
329,CD11b,0.108676065292808
330,CD11b,0.134295840290794
331,CD11b,0.106054220530604
332,CD11b,0.108117255996747
333,CD11b,0.0988943803087214
334,CD11b,0.0917968610368918
335,CD11b,0.0901589613150934
336,CD11b,0.116681042959673
337,CD11b,0.161293876491322
338,CD11b,0.0900297460622848
339,CD11b,0.0860024557205294
340,CD11b,0.140976514809322
341,CD11b,0.134662092312287
342,CD11b,0.105265638146245
343,CD11b,0.103035161285382
344,CD11b,0.0831472949627247
345,CD11b,0.13543687199008
346,CD11b,0.0854759611864059
347,CD11b,0.101464463163611
348,CD11b,0.110394024289882
349,CD11b,0.112521221902373
350,CD11b,0.119957318315515
351,CD11b,0.102310561750495
352,CD11b,0.0970128547691531
353,CD11b,0.128548803917516
354,CD11b,0.105408685942508
355,CD11b,0.0767490133565069
356,CD11b,0.0994542376245673
357,CD11b,0.0951478192969003
358,CD11b,0.0908101933561924
359,CD11b,0.103314835788041
360,CD11b,0.0970586015333196
361,CD11b,0.11123346729919
362,CD11b,0.134083368254398
363,CD11b,0.108355457501135
364,CD11b,0.109724688030671
365,CD11b,0.124632152978003
366,CD11b,0.145585124146649
367,CD11b,0.148879560051158
368,CD11b,0.119855067711758
369,CD11b,0.1599470362657
370,CD11b,0.129392560030388
371,CD11b,0.120277963043051
372,CD11b,0.0946748795495533
373,CD11b,0.15217411543439
374,CD11b,0.0972827499230569
375,CD11b,0.137712003940383
376,CD11b,0.139401629483905
377,CD11b,0.12799845944411
378,CD11b,0.0970806799804454
379,CD11b,0.115592922550608
380,CD11b,0.129589688183387
381,CD11b,0.125143873330368
382,CD11b,0.0947342274623704
383,CD11b,0.144004348919748
384,CD11b,0.159301317793089
385,CD11b,0.108623189272076
386,CD11b,0.130490130959477
387,CD11b,0.0915545369203807
388,CD11b,0.10317449042807
389,CD11b,0.110542182455942
390,CD11b,0.113618909640695
391,CD11b,0.102190975529912
392,CD11b,0.0890636472989649
393,CD11b,0.139142956908247
394,CD11b,0.133167130777057
395,CD11b,0.110007947909763
396,CD11b,0.101992767202778
397,CD11b,0.10493198491961
398,CD11b,0.0764448951482554
399,CD11b,0.0999049780991465
400,CD11b,0.0822650639175588
401,CD11b,0.136124808485769
402,CD11b,0.106431894325791
403,CD11b,0.153452070018687
404,CD11b,0.118627436616194
405,CD11b,0.113841464014706
406,CD11b,0.102230995383848
407,CD11b,0.116958805205382
408,CD11b,0.12001420707914
409,CD11b,0.116537144986456
410,CD11b,0.080706242523466
411,CD11b,0.117940951486952
412,CD11b,0.113735406948442
413,CD11b,0.144397543952805
414,CD11b,0.114188679910365
415,CD11b,0.114212882177306
416,CD11b,0.118662850203923
417,CD11b,0.112833872455547
418,CD11b,0.087689025492902
419,CD11b,0.102588340947689
420,CD11b,0.101283500152098
421,CD11b,0.106757359050225
422,CD11b,0.0585787596494294
423,CD11b,0.116636245107604
424,CD11b,0.159586764681601
425,CD11b,0.114493684794453
426,CD11b,0.117209623848359
427,CD11b,0.111981032132564
428,CD11b,0.134571412220567
429,CD11b,0.129215167364441
430,CD11b,0.121972007322628
431,CD11b,0.117438727036931
432,CD11b,0.120258653886378
433,CD11b,0.154318755362113
434,CD11b,0.0893535948643273
435,CD11b,0.0884552819139246
436,CD11b,0.0824984943425936
437,CD11b,0.144615429783842
438,CD11b,0.147112514094471
439,CD11b,0.0941549409747105
440,CD11b,0.100643492454607
441,CD11b,0.106162753287474
442,CD11b,0.0984520594355842
443,CD11b,0.180162457924781
444,CD11b,0.0506515059724144
445,CD11b,0.110987767281302
446,CD11b,0.136152872545751
447,CD11b,0.0395020035513026
448,CD11b,0.0939717226602899
449,CD11b,0.0529430256205013
450,CD11b,0.134822171897176
451,CD11b,0.10946017381682
452,CD11b,0.154250926883587
453,CD11b,0.115644780661737
454,CD11b,0.157019482193533
455,CD11b,0.103637029904115
456,CD11b,0.101097479327697
457,CD11b,0.113303047830471
458,CD11b,0.131292977796075
459,CD11b,0.0878958398434983
460,CD11b,0.0952547206806049
461,CD11b,0.127415308352495
462,CD11b,0.110047287121642
463,CD11b,0.103851010715612
464,CD11b,0.159383636278577
465,CD11b,0.107432470477564
466,CD11b,0.11110890120771
467,CD11b,0.136695542017761
468,CD11b,0.168211338694857
469,CD11b,0.0955933180812171
470,CD11b,0.103499995894963
471,CD11b,0.0996850262223201
472,CD11b,0.150525223169402
473,CD11b,0.135100666076221
474,CD11b,0.119457624768105
475,CD11b,0.0907460032518231
476,CD11b,0.103563551220414
477,CD11b,0.103922370359321
478,CD11b,0.151788898642648
479,CD11b,0.113310669268463
480,CD11b,0.146149407800478
481,CD11b,0.135659666979727
482,CD11b,0.142269209318939
483,CD11b,0.169433159584172
484,CD11b,0.112336838710377
485,CD11b,0.107677517492335
486,CD11b,0.103672774753593
487,CD11b,0.164636380515388
488,CD11b,0.0941480929671058
489,CD11b,0.0826831802975701
490,CD11b,0.090016570945624
491,CD11b,0.125590259905553
492,CD11b,0.135251093274863
493,CD11b,0.145196006163543
494,CD11b,0.165294867923819
495,CD11b,0.11597831692215
496,CD11b,0.120314815742795
497,CD11b,0.132954559543379
498,CD11b,0.109590107289286
499,CD11b,0.0853089171257795
